id,familia,nome_cientifico,nome_comum,sons,fotos,url,url_sons,url_fotos
10001,Rheidae,Rhea americana,ema,22,6790,/wiki/ema,midias.php?tm=s&t=s&s=10001,midias.php?tm=f&t=s&s=10001
10002,Tinamidae,Tinamus tao,azulona,44,154,/wiki/azulona,midias.php?tm=s&t=s&s=10002,midias.php?tm=f&t=s&s=10002
10003,Tinamidae,Tinamus solitarius,macuco,277,2009,/wiki/macuco,midias.php?tm=s&t=s&s=10003,midias.php?tm=f&t=s&s=10003
10004,Tinamidae,Tinamus major,inhambu-serra,33,173,/wiki/inhambu-serra,midias.php?tm=s&t=s&s=10004,midias.php?tm=f&t=s&s=10004
10005,Tinamidae,Tinamus guttatus,inhambu-galinha,39,69,/wiki/inhambu-galinha,midias.php?tm=s&t=s&s=10005,midias.php?tm=f&t=s&s=10005
10006,Tinamidae,Crypturellus cinereus,inhambu-pixuna,340,159,/wiki/inhambu-pixuna,midias.php?tm=s&t=s&s=10006,midias.php?tm=f&t=s&s=10006
10007,Tinamidae,Crypturellus soui,tururim,415,398,/wiki/tururim,midias.php?tm=s&t=s&s=10007,midias.php?tm=f&t=s&s=10007
10008,Tinamidae,Crypturellus obsoletus,inhambuguaçu,1103,2229,/wiki/inhambuguacu,midias.php?tm=s&t=s&s=10008,midias.php?tm=f&t=s&s=10008
10009,Tinamidae,Crypturellus undulatus,jaó,594,1487,/wiki/jao,midias.php?tm=s&t=s&s=10009,midias.php?tm=f&t=s&s=10009
10010,Tinamidae,Crypturellus strigulosus,inhambu-relógio,119,112,/wiki/inhambu-relogio,midias.php?tm=s&t=s&s=10010,midias.php?tm=f&t=s&s=10010
10011,Tinamidae,Crypturellus duidae,inhambu-de-pé-cinza,13,9,/wiki/inhambu-de-pe-cinza,midias.php?tm=s&t=s&s=10011,midias.php?tm=f&t=s&s=10011
10012,Tinamidae,Crypturellus erythropus,inhambu-de-perna-vermelha,16,13,/wiki/inhambu-de-perna-vermelha,midias.php?tm=s&t=s&s=10012,midias.php?tm=f&t=s&s=10012
12002,Tinamidae,Crypturellus zabele,zabelê,126,71,/wiki/zabele,midias.php?tm=s&t=s&s=12002,midias.php?tm=f&t=s&s=12002
10013,Tinamidae,Crypturellus noctivagus,jaó-do-sul,214,647,/wiki/jao-do-sul,midias.php?tm=s&t=s&s=10013,midias.php?tm=f&t=s&s=10013
10014,Tinamidae,Crypturellus atrocapillus,inhambu-de-coroa-preta,21,27,/wiki/inhambu-de-coroa-preta,midias.php?tm=s&t=s&s=10014,midias.php?tm=f&t=s&s=10014
10015,Tinamidae,Crypturellus variegatus,inhambu-anhangá,98,105,/wiki/inhambu-anhanga,midias.php?tm=s&t=s&s=10015,midias.php?tm=f&t=s&s=10015
10016,Tinamidae,Crypturellus brevirostris,inhambu-carijó,2,3,/wiki/inhambu-carijo,midias.php?tm=s&t=s&s=10016,midias.php?tm=f&t=s&s=10016
10017,Tinamidae,Crypturellus bartletti,inhambu-anhangaí,12,6,/wiki/inhambu-anhangai,midias.php?tm=s&t=s&s=10017,midias.php?tm=f&t=s&s=10017
10018,Tinamidae,Crypturellus parvirostris,inhambu-chororó,865,3029,/wiki/inhambu-chororo,midias.php?tm=s&t=s&s=10018,midias.php?tm=f&t=s&s=10018
10019,Tinamidae,Crypturellus tataupa,inhambu-chintã,885,1817,/wiki/inhambu-chinta,midias.php?tm=s&t=s&s=10019,midias.php?tm=f&t=s&s=10019
10020,Tinamidae,Rhynchotus rufescens,perdiz,528,2320,/wiki/perdiz,midias.php?tm=s&t=s&s=10020,midias.php?tm=f&t=s&s=10020
10021,Tinamidae,Nothura boraquira,codorna-do-nordeste,194,1669,/wiki/codorna-do-nordeste,midias.php?tm=s&t=s&s=10021,midias.php?tm=f&t=s&s=10021
10022,Tinamidae,Nothura minor,codorna-mineira,29,30,/wiki/codorna-mineira,midias.php?tm=s&t=s&s=10022,midias.php?tm=f&t=s&s=10022
10023,Tinamidae,Nothura maculosa,codorna-amarela,407,4781,/wiki/codorna-amarela,midias.php?tm=s&t=s&s=10023,midias.php?tm=f&t=s&s=10023
10024,Tinamidae,Taoniscus nanus,codorna-carapé,36,25,/wiki/codorna-carape,midias.php?tm=s&t=s&s=10024,midias.php?tm=f&t=s&s=10024
10025,Anhimidae,Anhima cornuta,anhuma,272,6058,/wiki/anhuma,midias.php?tm=s&t=s&s=10025,midias.php?tm=f&t=s&s=10025
10026,Anhimidae,Chauna torquata,tachã,193,6210,/wiki/tacha,midias.php?tm=s&t=s&s=10026,midias.php?tm=f&t=s&s=10026
10027,Anatidae,Dendrocygna bicolor,marreca-caneleira,104,4430,/wiki/marreca-caneleira,midias.php?tm=s&t=s&s=10027,midias.php?tm=f&t=s&s=10027
10028,Anatidae,Dendrocygna viduata,irerê,404,16379,/wiki/irere,midias.php?tm=s&t=s&s=10028,midias.php?tm=f&t=s&s=10028
10029,Anatidae,Dendrocygna autumnalis,marreca-cabocla,303,11509,/wiki/marreca-cabocla,midias.php?tm=s&t=s&s=10029,midias.php?tm=f&t=s&s=10029
10030,Anatidae,Cygnus melancoryphus,cisne-de-pescoço-preto,10,1793,/wiki/cisne-de-pescoco-preto,midias.php?tm=s&t=s&s=10030,midias.php?tm=f&t=s&s=10030
10031,Anatidae,Coscoroba coscoroba,capororoca,55,3201,/wiki/capororoca,midias.php?tm=s&t=s&s=10031,midias.php?tm=f&t=s&s=10031
10032,Anatidae,Neochen jubata,pato-corredor,29,1032,/wiki/pato-corredor,midias.php?tm=s&t=s&s=10032,midias.php?tm=f&t=s&s=10032
11890,Anatidae,Chloephaga picta,ganso-de-magalhães,4,393,/wiki/ganso-de-magalhaes,midias.php?tm=s&t=s&s=11890,midias.php?tm=f&t=s&s=11890
10033,Anatidae,Cairina moschata,pato-do-mato,68,12271,/wiki/pato-do-mato,midias.php?tm=s&t=s&s=10033,midias.php?tm=f&t=s&s=10033
10034,Anatidae,Sarkidiornis sylvicola,pato-de-crista,10,2411,/wiki/pato-de-crista,midias.php?tm=s&t=s&s=10034,midias.php?tm=f&t=s&s=10034
10035,Anatidae,Callonetta leucophrys,marreca-de-coleira,12,3140,/wiki/marreca-de-coleira,midias.php?tm=s&t=s&s=10035,midias.php?tm=f&t=s&s=10035
10036,Anatidae,Amazonetta brasiliensis,marreca-ananaí,291,23270,/wiki/marreca-ananai,midias.php?tm=s&t=s&s=10036,midias.php?tm=f&t=s&s=10036
10042,Anatidae,Spatula versicolor,marreca-cricri,26,4740,/wiki/marreca-cricri,midias.php?tm=s&t=s&s=10042,midias.php?tm=f&t=s&s=10042
10045,Anatidae,Spatula platalea,marreca-colhereira,4,1142,/wiki/marreca-colhereira,midias.php?tm=s&t=s&s=10045,midias.php?tm=f&t=s&s=10045
10043,Anatidae,Spatula discors,marreca-de-asa-azul,3,218,/wiki/marreca-de-asa-azul,midias.php?tm=s&t=s&s=10043,midias.php?tm=f&t=s&s=10043
10044,Anatidae,Spatula cyanoptera,marreca-colorada,2,306,/wiki/marreca-colorada,midias.php?tm=s&t=s&s=10044,midias.php?tm=f&t=s&s=10044
10037,Anatidae,Mareca sibilatrix,marreca-oveira,7,517,/wiki/marreca-oveira,midias.php?tm=s&t=s&s=10037,midias.php?tm=f&t=s&s=10037
10041,Anatidae,Anas bahamensis,marreca-toicinho,45,6450,/wiki/marreca-toicinho,midias.php?tm=s&t=s&s=10041,midias.php?tm=f&t=s&s=10041
10039,Anatidae,Anas acuta,arrabio,1,160,/wiki/arrabio,midias.php?tm=s&t=s&s=10039,midias.php?tm=f&t=s&s=10039
10040,Anatidae,Anas georgica,marreca-parda,31,2957,/wiki/marreca-parda,midias.php?tm=s&t=s&s=10040,midias.php?tm=f&t=s&s=10040
10038,Anatidae,Anas flavirostris,marreca-pardinha,48,3537,/wiki/marreca-pardinha,midias.php?tm=s&t=s&s=10038,midias.php?tm=f&t=s&s=10038
10046,Anatidae,Netta erythrophthalma,paturi-preta,11,1985,/wiki/paturi-preta,midias.php?tm=s&t=s&s=10046,midias.php?tm=f&t=s&s=10046
10047,Anatidae,Netta peposaca,marrecão,16,2435,/wiki/marrecao,midias.php?tm=s&t=s&s=10047,midias.php?tm=f&t=s&s=10047
10048,Anatidae,Mergus octosetaceus,pato-mergulhão,20,988,/wiki/pato-mergulhao,midias.php?tm=s&t=s&s=10048,midias.php?tm=f&t=s&s=10048
10049,Anatidae,Heteronetta atricapilla,marreca-de-cabeça-preta,2,303,/wiki/marreca-de-cabeca-preta,midias.php?tm=s&t=s&s=10049,midias.php?tm=f&t=s&s=10049
10050,Anatidae,Nomonyx dominicus,marreca-caucau,51,4490,/wiki/marreca-caucau,midias.php?tm=s&t=s&s=10050,midias.php?tm=f&t=s&s=10050
10051,Anatidae,Oxyura vittata,marreca-rabo-de-espinho,2,455,/wiki/marreca-rabo-de-espinho,midias.php?tm=s&t=s&s=10051,midias.php?tm=f&t=s&s=10051
10056,Cracidae,Penelope marail,jacumirim,12,339,/wiki/jacumirim,midias.php?tm=s&t=s&s=10056,midias.php?tm=f&t=s&s=10056
10057,Cracidae,Penelope superciliaris,jacupemba,202,5073,/wiki/jacupemba,midias.php?tm=s&t=s&s=10057,midias.php?tm=f&t=s&s=10057
10058,Cracidae,Penelope jacquacu,jacu-de-spix,45,759,/wiki/jacu-de-spix,midias.php?tm=s&t=s&s=10058,midias.php?tm=f&t=s&s=10058
10059,Cracidae,Penelope obscura,jacuguaçu,666,16803,/wiki/jacuguacu,midias.php?tm=s&t=s&s=10059,midias.php?tm=f&t=s&s=10059
10060,Cracidae,Penelope pileata,jacupiranga,32,721,/wiki/jacupiranga,midias.php?tm=s&t=s&s=10060,midias.php?tm=f&t=s&s=10060
10061,Cracidae,Penelope ochrogaster,jacu-de-barriga-castanha,31,1083,/wiki/jacu-de-barriga-castanha,midias.php?tm=s&t=s&s=10061,midias.php?tm=f&t=s&s=10061
10062,Cracidae,Penelope jacucaca,jacucaca,56,754,/wiki/jacucaca,midias.php?tm=s&t=s&s=10062,midias.php?tm=f&t=s&s=10062
10063,Cracidae,Aburria cumanensis,jacutinga-de-garganta-azul,15,1569,/wiki/jacutinga-de-garganta-azul,midias.php?tm=s&t=s&s=10063,midias.php?tm=f&t=s&s=10063
10064,Cracidae,Aburria cujubi,cujubi,22,1492,/wiki/cujubi,midias.php?tm=s&t=s&s=10064,midias.php?tm=f&t=s&s=10064
10065,Cracidae,Aburria jacutinga,jacutinga,46,2261,/wiki/jacutinga,midias.php?tm=s&t=s&s=10065,midias.php?tm=f&t=s&s=10065
10052,Cracidae,Ortalis canicollis,aracuã-do-pantanal,127,2818,/wiki/aracua-do-pantanal,midias.php?tm=s&t=s&s=10052,midias.php?tm=f&t=s&s=10052
10053,Cracidae,Ortalis guttata,aracuã-pintado,100,941,/wiki/aracua-pintado,midias.php?tm=s&t=s&s=10053,midias.php?tm=f&t=s&s=10053
12003,Cracidae,Ortalis remota,aracuã-guarda-faca,71,525,/wiki/aracua-guarda-faca,midias.php?tm=s&t=s&s=12003,midias.php?tm=f&t=s&s=12003
11891,Cracidae,Ortalis araucuan,aracuã-de-barriga-branca,178,2516,/wiki/aracua-de-barriga-branca,midias.php?tm=s&t=s&s=11891,midias.php?tm=f&t=s&s=11891
11892,Cracidae,Ortalis squamata,aracuã-escamoso,209,4632,/wiki/aracua-escamoso,midias.php?tm=s&t=s&s=11892,midias.php?tm=f&t=s&s=11892
10054,Cracidae,Ortalis motmot,aracuã-pequeno,94,795,/wiki/aracua-pequeno,midias.php?tm=s&t=s&s=10054,midias.php?tm=f&t=s&s=10054
12004,Cracidae,Ortalis ruficeps,aracuãzinho,16,293,/wiki/aracuazinho,midias.php?tm=s&t=s&s=12004,midias.php?tm=f&t=s&s=12004
10055,Cracidae,Ortalis superciliaris,aracuã-de-sobrancelhas,53,471,/wiki/aracua-de-sobrancelhas,midias.php?tm=s&t=s&s=10055,midias.php?tm=f&t=s&s=10055
10066,Cracidae,Nothocrax urumutum,urumutum,9,35,/wiki/urumutum,midias.php?tm=s&t=s&s=10066,midias.php?tm=f&t=s&s=10066
10070,Cracidae,Crax alector,mutum-poranga,24,440,/wiki/mutum-poranga,midias.php?tm=s&t=s&s=10070,midias.php?tm=f&t=s&s=10070
10071,Cracidae,Crax globulosa,mutum-de-fava,1,20,/wiki/mutum-de-fava,midias.php?tm=s&t=s&s=10071,midias.php?tm=f&t=s&s=10071
10072,Cracidae,Crax fasciolata,mutum-de-penacho,187,5687,/wiki/mutum-de-penacho,midias.php?tm=s&t=s&s=10072,midias.php?tm=f&t=s&s=10072
10073,Cracidae,Crax blumenbachii,mutum-de-bico-vermelho,45,872,/wiki/mutum-de-bico-vermelho,midias.php?tm=s&t=s&s=10073,midias.php?tm=f&t=s&s=10073
10067,Cracidae,Pauxi tomentosa,mutum-do-norte,16,136,/wiki/mutum-do-norte,midias.php?tm=s&t=s&s=10067,midias.php?tm=f&t=s&s=10067
10068,Cracidae,Pauxi tuberosa,mutum-cavalo,29,709,/wiki/mutum-cavalo,midias.php?tm=s&t=s&s=10068,midias.php?tm=f&t=s&s=10068
,Cracidae,Pauxi mitu,mutum-do-nordeste,0,2,/wiki/mutum-do-nordeste,,midias.php?tm=f&t=s&s=10069
10074,Odontophoridae,Colinus cristatus,uru-do-campo,25,399,/wiki/uru-do-campo,midias.php?tm=s&t=s&s=10074,midias.php?tm=f&t=s&s=10074
10075,Odontophoridae,Odontophorus gujanensis,uru-corcovado,72,123,/wiki/uru-corcovado,midias.php?tm=s&t=s&s=10075,midias.php?tm=f&t=s&s=10075
10076,Odontophoridae,Odontophorus capueira,uru,458,2116,/wiki/uru,midias.php?tm=s&t=s&s=10076,midias.php?tm=f&t=s&s=10076
10077,Odontophoridae,Odontophorus stellatus,uru-de-topete,32,28,/wiki/uru-de-topete,midias.php?tm=s&t=s&s=10077,midias.php?tm=f&t=s&s=10077
10185,Phoenicopteridae,Phoenicopterus chilensis,flamingo-chileno,7,2842,/wiki/flamingo-chileno,midias.php?tm=s&t=s&s=10185,midias.php?tm=f&t=s&s=10185
10184,Phoenicopteridae,Phoenicopterus ruber,flamingo,6,161,/wiki/flamingo,midias.php?tm=s&t=s&s=10184,midias.php?tm=f&t=s&s=10184
10186,Phoenicopteridae,Phoenicoparrus andinus,flamingo-dos-andes,7,931,/wiki/flamingo-dos-andes,midias.php?tm=s&t=s&s=10186,midias.php?tm=f&t=s&s=10186
10187,Phoenicopteridae,Phoenicoparrus jamesi,flamingo-da-puna,1,348,/wiki/flamingo-da-puna,midias.php?tm=s&t=s&s=10187,midias.php?tm=f&t=s&s=10187
10078,Podicipedidae,Rollandia rolland,mergulhão-de-orelha-branca,9,1802,/wiki/mergulhao-de-orelha-branca,midias.php?tm=s&t=s&s=10078,midias.php?tm=f&t=s&s=10078
10079,Podicipedidae,Tachybaptus dominicus,mergulhão-pequeno,276,8763,/wiki/mergulhao-pequeno,midias.php?tm=s&t=s&s=10079,midias.php?tm=f&t=s&s=10079
10080,Podicipedidae,Podilymbus podiceps,mergulhão-caçador,189,9594,/wiki/mergulhao-cacador,midias.php?tm=s&t=s&s=10080,midias.php?tm=f&t=s&s=10080
10081,Podicipedidae,Podicephorus major,mergulhão-grande,42,2658,/wiki/mergulhao-grande,midias.php?tm=s&t=s&s=10081,midias.php?tm=f&t=s&s=10081
10082,Podicipedidae,Podiceps occipitalis,mergulhão-de-orelha-amarela,1,323,/wiki/mergulhao-de-orelha-amarela,midias.php?tm=s&t=s&s=10082,midias.php?tm=f&t=s&s=10082
10393,Columbidae,Columba livia,pombo-doméstico,164,9438,/wiki/pombo-domestico,midias.php?tm=s&t=s&s=10393,midias.php?tm=f&t=s&s=10393
10394,Columbidae,Patagioenas speciosa,pomba-trocal,158,2260,/wiki/pomba-trocal,midias.php?tm=s&t=s&s=10394,midias.php?tm=f&t=s&s=10394
10395,Columbidae,Patagioenas picazuro,pomba-asa-branca,710,22637,/wiki/pomba-asa-branca,midias.php?tm=s&t=s&s=10395,midias.php?tm=f&t=s&s=10395
10396,Columbidae,Patagioenas maculosa,pomba-do-orvalho,58,1717,/wiki/pomba-do-orvalho,midias.php?tm=s&t=s&s=10396,midias.php?tm=f&t=s&s=10396
10397,Columbidae,Patagioenas fasciata,pomba-de-coleira,3,94,/wiki/pomba-de-coleira,midias.php?tm=s&t=s&s=10397,midias.php?tm=f&t=s&s=10397
10398,Columbidae,Patagioenas cayennensis,pomba-galega,343,7632,/wiki/pomba-galega,midias.php?tm=s&t=s&s=10398,midias.php?tm=f&t=s&s=10398
10399,Columbidae,Patagioenas plumbea,pomba-amargosa,687,2977,/wiki/pomba-amargosa,midias.php?tm=s&t=s&s=10399,midias.php?tm=f&t=s&s=10399
10400,Columbidae,Patagioenas subvinacea,pomba-botafogo,190,1102,/wiki/pomba-botafogo,midias.php?tm=s&t=s&s=10400,midias.php?tm=f&t=s&s=10400
10406,Columbidae,Geotrygon montana,pariri,258,2366,/wiki/pariri,midias.php?tm=s&t=s&s=10406,midias.php?tm=f&t=s&s=10406
10405,Columbidae,Geotrygon violacea,juriti-vermelha,38,124,/wiki/juriti-vermelha,midias.php?tm=s&t=s&s=10405,midias.php?tm=f&t=s&s=10405
10402,Columbidae,Leptotila verreauxi,juriti-pupu,1142,11391,/wiki/juriti-pupu,midias.php?tm=s&t=s&s=10402,midias.php?tm=f&t=s&s=10402
10403,Columbidae,Leptotila rufaxilla,juriti-de-testa-branca,617,3611,/wiki/juriti-de-testa-branca,midias.php?tm=s&t=s&s=10403,midias.php?tm=f&t=s&s=10403
10401,Columbidae,Zenaida auriculata,avoante,290,23141,/wiki/avoante,midias.php?tm=s&t=s&s=10401,midias.php?tm=f&t=s&s=10401
10390,Columbidae,Claravis pretiosa,pararu-azul,323,2089,/wiki/pararu-azul,midias.php?tm=s&t=s&s=10390,midias.php?tm=f&t=s&s=10390
10392,Columbidae,Uropelia campestris,rolinha-vaqueira,45,1390,/wiki/rolinha-vaqueira,midias.php?tm=s&t=s&s=10392,midias.php?tm=f&t=s&s=10392
10384,Columbidae,Columbina passerina,rolinha-cinzenta,45,2603,/wiki/rolinha-cinzenta,midias.php?tm=s&t=s&s=10384,midias.php?tm=f&t=s&s=10384
10385,Columbidae,Columbina minuta,rolinha-de-asa-canela,106,2678,/wiki/rolinha-de-asa-canela,midias.php?tm=s&t=s&s=10385,midias.php?tm=f&t=s&s=10385
10386,Columbidae,Columbina talpacoti,rolinha-roxa,536,24783,/wiki/rolinha-roxa,midias.php?tm=s&t=s&s=10386,midias.php?tm=f&t=s&s=10386
10387,Columbidae,Columbina squammata,rolinha-fogo-apagou,852,14830,/wiki/rolinha-fogo-apagou,midias.php?tm=s&t=s&s=10387,midias.php?tm=f&t=s&s=10387
10388,Columbidae,Columbina picui,rolinha-picuí,286,10797,/wiki/rolinha-picui,midias.php?tm=s&t=s&s=10388,midias.php?tm=f&t=s&s=10388
10389,Columbidae,Columbina cyanopis,rolinha-do-planalto,74,607,/wiki/rolinha-do-planalto,midias.php?tm=s&t=s&s=10389,midias.php?tm=f&t=s&s=10389
10504,Cuculidae,Guira guira,anu-branco,850,23509,/wiki/anu-branco,midias.php?tm=s&t=s&s=10504,midias.php?tm=f&t=s&s=10504
10502,Cuculidae,Crotophaga major,anu-coroca,362,6082,/wiki/anu-coroca,midias.php?tm=s&t=s&s=10502,midias.php?tm=f&t=s&s=10502
10503,Cuculidae,Crotophaga ani,anu-preto,689,21348,/wiki/anu-preto,midias.php?tm=s&t=s&s=10503,midias.php?tm=f&t=s&s=10503
10505,Cuculidae,Tapera naevia,saci,1765,7596,/wiki/saci,midias.php?tm=s&t=s&s=10505,midias.php?tm=f&t=s&s=10505
,Hydrobatidae,Hydrobates gr. castro,painho-da-ilha-da-madeira,0,8,/wiki/painho-da-ilha-da-madeira,,midias.php?tm=f&t=s&s=10129
10506,Cuculidae,Dromococcyx phasianellus,peixe-frito,223,635,/wiki/peixe-frito,midias.php?tm=s&t=s&s=10506,midias.php?tm=f&t=s&s=10506
10507,Cuculidae,Dromococcyx pavoninus,peixe-frito-pavonino,557,2313,/wiki/peixe-frito-pavonino,midias.php?tm=s&t=s&s=10507,midias.php?tm=f&t=s&s=10507
10508,Cuculidae,Neomorphus geoffroyi,jacu-estalo,35,181,/wiki/jacu-estalo,midias.php?tm=s&t=s&s=10508,midias.php?tm=f&t=s&s=10508
10509,Cuculidae,Neomorphus squamiger,jacu-estalo-escamoso,5,46,/wiki/jacu-estalo-escamoso,midias.php?tm=s&t=s&s=10509,midias.php?tm=f&t=s&s=10509
10510,Cuculidae,Neomorphus rufipennis,jacu-estalo-de-asa-vermelha,8,16,/wiki/jacu-estalo-de-asa-vermelha,midias.php?tm=s&t=s&s=10510,midias.php?tm=f&t=s&s=10510
10511,Cuculidae,Neomorphus pucheranii,jacu-estalo-de-bico-vermelho,7,18,/wiki/jacu-estalo-de-bico-vermelho,midias.php?tm=s&t=s&s=10511,midias.php?tm=f&t=s&s=10511
10492,Cuculidae,Coccycua minuta,chincoã-pequeno,138,1497,/wiki/chincoa-pequeno,midias.php?tm=s&t=s&s=10492,midias.php?tm=f&t=s&s=10492
10494,Cuculidae,Micrococcyx cinereus,papa-lagarta-cinzento,23,277,/wiki/papa-lagarta-cinzento,midias.php?tm=s&t=s&s=10494,midias.php?tm=f&t=s&s=10494
10495,Cuculidae,Piaya cayana,alma-de-gato,1034,21700,/wiki/alma-de-gato,midias.php?tm=s&t=s&s=10495,midias.php?tm=f&t=s&s=10495
10496,Cuculidae,Piaya melanogaster,chincoã-de-bico-vermelho,26,860,/wiki/chincoa-de-bico-vermelho,midias.php?tm=s&t=s&s=10496,midias.php?tm=f&t=s&s=10496
10497,Cuculidae,Coccyzus melacoryphus,papa-lagarta-acanelado,304,4970,/wiki/papa-lagarta-acanelado,midias.php?tm=s&t=s&s=10497,midias.php?tm=f&t=s&s=10497
10498,Cuculidae,Coccyzus americanus,papa-lagarta-de-asa-vermelha,68,973,/wiki/papa-lagarta-de-asa-vermelha,midias.php?tm=s&t=s&s=10498,midias.php?tm=f&t=s&s=10498
10499,Cuculidae,Coccyzus euleri,papa-lagarta-de-euler,150,1211,/wiki/papa-lagarta-de-euler,midias.php?tm=s&t=s&s=10499,midias.php?tm=f&t=s&s=10499
10500,Cuculidae,Coccyzus minor,papa-lagarta-do-mangue,15,176,/wiki/papa-lagarta-do-mangue,midias.php?tm=s&t=s&s=10500,midias.php?tm=f&t=s&s=10500
10501,Cuculidae,Coccyzus erythropthalmus,papa-lagarta-de-bico-preto,2,6,/wiki/papa-lagarta-de-bico-preto,midias.php?tm=s&t=s&s=10501,midias.php?tm=f&t=s&s=10501
12005,Cuculidae,Cuculus canorus,cuco-canoro,4,25,/wiki/cuco-canoro,midias.php?tm=s&t=s&s=12005,midias.php?tm=f&t=s&s=12005
10535,Steatornithidae,Steatornis caripensis,guácharo,6,98,/wiki/guacharo,midias.php?tm=s&t=s&s=10535,midias.php?tm=f&t=s&s=10535
10540,Nyctibiidae,Phyllaemulor bracteatus,urutau-ferrugem,18,178,/wiki/urutau-ferrugem,midias.php?tm=s&t=s&s=10540,midias.php?tm=f&t=s&s=10540
10536,Nyctibiidae,Nyctibius grandis,urutau-grande,113,2915,/wiki/urutau-grande,midias.php?tm=s&t=s&s=10536,midias.php?tm=f&t=s&s=10536
10537,Nyctibiidae,Nyctibius aethereus,urutau-pardo,47,523,/wiki/urutau-pardo,midias.php?tm=s&t=s&s=10537,midias.php?tm=f&t=s&s=10537
10538,Nyctibiidae,Nyctibius griseus,urutau,793,13288,/wiki/urutau,midias.php?tm=s&t=s&s=10538,midias.php?tm=f&t=s&s=10538
10539,Nyctibiidae,Nyctibius leucopterus,urutau-de-asa-branca,44,225,/wiki/urutau-de-asa-branca,midias.php?tm=s&t=s&s=10539,midias.php?tm=f&t=s&s=10539
10550,Caprimulgidae,Nyctiphrynus ocellatus,bacurau-ocelado,412,1090,/wiki/bacurau-ocelado,midias.php?tm=s&t=s&s=10550,midias.php?tm=f&t=s&s=10550
10551,Caprimulgidae,Antrostomus rufus,joão-corta-pau,543,983,/wiki/joao-corta-pau,midias.php?tm=s&t=s&s=10551,midias.php?tm=f&t=s&s=10551
10552,Caprimulgidae,Antrostomus sericocaudatus,bacurau-rabo-de-seda,167,268,/wiki/bacurau-rabo-de-seda,midias.php?tm=s&t=s&s=10552,midias.php?tm=f&t=s&s=10552
10541,Caprimulgidae,Lurocalis semitorquatus,tuju,566,1847,/wiki/tuju,midias.php?tm=s&t=s&s=10541,midias.php?tm=f&t=s&s=10541
10546,Caprimulgidae,Nyctiprogne leucopyga,bacurau-de-cauda-barrada,84,526,/wiki/bacurau-de-cauda-barrada,midias.php?tm=s&t=s&s=10546,midias.php?tm=f&t=s&s=10546
10547,Caprimulgidae,Nyctiprogne vielliardi,bacurau-do-são-francisco,23,125,/wiki/bacurau-do-sao-francisco,midias.php?tm=s&t=s&s=10547,midias.php?tm=f&t=s&s=10547
10557,Caprimulgidae,Nyctidromus nigrescens,bacurau-de-lajeado,45,1305,/wiki/bacurau-de-lajeado,midias.php?tm=s&t=s&s=10557,midias.php?tm=f&t=s&s=10557
10549,Caprimulgidae,Nyctidromus albicollis,bacurau,1320,9622,/wiki/bacurau,midias.php?tm=s&t=s&s=10549,midias.php?tm=f&t=s&s=10549
10559,Caprimulgidae,Nyctidromus hirundinaceus,bacurauzinho-da-caatinga,77,1847,/wiki/bacurauzinho-da-caatinga,midias.php?tm=s&t=s&s=10559,midias.php?tm=f&t=s&s=10559
12006,Caprimulgidae,Hydropsalis heterura,bacurau-chintã-do-norte,1,1,/wiki/bacurau-chinta-do-norte,midias.php?tm=s&t=s&s=12006,midias.php?tm=f&t=s&s=12006
10556,Caprimulgidae,Hydropsalis parvula,bacurau-chintã,558,2961,/wiki/bacurau-chinta,midias.php?tm=s&t=s&s=10556,midias.php?tm=f&t=s&s=10556
10563,Caprimulgidae,Hydropsalis anomala,curiango-do-banhado,42,684,/wiki/curiango-do-banhado,midias.php?tm=s&t=s&s=10563,midias.php?tm=f&t=s&s=10563
10564,Caprimulgidae,Hydropsalis candicans,bacurau-de-rabo-branco,5,336,/wiki/bacurau-de-rabo-branco,midias.php?tm=s&t=s&s=10564,midias.php?tm=f&t=s&s=10564
11972,Caprimulgidae,Hydropsalis roraimae,bacurau-de-roraima,1,11,/wiki/bacurau-de-roraima,midias.php?tm=s&t=s&s=11972,midias.php?tm=f&t=s&s=11972
10553,Caprimulgidae,Hydropsalis longirostris,bacurau-da-telha,263,1712,/wiki/bacurau-da-telha,midias.php?tm=s&t=s&s=10553,midias.php?tm=f&t=s&s=10553
10161,Ardeidae,Ardea herodias,garça-azul-grande,4,286,/wiki/garca-azul-grande,midias.php?tm=s&t=s&s=10161,midias.php?tm=f&t=s&s=10161
10555,Caprimulgidae,Hydropsalis maculicaudus,bacurau-de-rabo-maculado,201,733,/wiki/bacurau-de-rabo-maculado,midias.php?tm=s&t=s&s=10555,midias.php?tm=f&t=s&s=10555
10554,Caprimulgidae,Hydropsalis cayennensis,bacurau-de-cauda-branca,15,218,/wiki/bacurau-de-cauda-branca,midias.php?tm=s&t=s&s=10554,midias.php?tm=f&t=s&s=10554
10560,Caprimulgidae,Hydropsalis climacocerca,acurana,13,966,/wiki/acurana,midias.php?tm=s&t=s&s=10560,midias.php?tm=f&t=s&s=10560
10561,Caprimulgidae,Hydropsalis torquata,bacurau-tesoura,202,5397,/wiki/bacurau-tesoura,midias.php?tm=s&t=s&s=10561,midias.php?tm=f&t=s&s=10561
10562,Caprimulgidae,Hydropsalis forcipata,bacurau-tesourão,28,1036,/wiki/bacurau-tesourao,midias.php?tm=s&t=s&s=10562,midias.php?tm=f&t=s&s=10562
10542,Caprimulgidae,Nannochordeiles pusillus,bacurauzinho,149,1739,/wiki/bacurauzinho,midias.php?tm=s&t=s&s=10542,midias.php?tm=f&t=s&s=10542
10548,Caprimulgidae,Podager nacunda,corucão,69,4635,/wiki/corucao,midias.php?tm=s&t=s&s=10548,midias.php?tm=f&t=s&s=10548
10545,Caprimulgidae,Chordeiles minor,bacurau-norte-americano,10,1411,/wiki/bacurau-norte-americano,midias.php?tm=s&t=s&s=10545,midias.php?tm=f&t=s&s=10545
12007,Caprimulgidae,Chordeiles gundlachii,bacurau-das-antilhas,1,4,/wiki/bacurau-das-antilhas,midias.php?tm=s&t=s&s=12007,midias.php?tm=f&t=s&s=12007
10543,Caprimulgidae,Chordeiles rupestris,bacurau-da-praia,9,602,/wiki/bacurau-da-praia,midias.php?tm=s&t=s&s=10543,midias.php?tm=f&t=s&s=10543
10544,Caprimulgidae,Chordeiles acutipennis,bacurau-de-asa-fina,32,1760,/wiki/bacurau-de-asa-fina,midias.php?tm=s&t=s&s=10544,midias.php?tm=f&t=s&s=10544
,Apodidae,Cypseloides cryptus,taperuçu-de-mento-branco,0,89,/wiki/taperucu-de-mento-branco,,midias.php?tm=f&t=s&s=10565
,Apodidae,Cypseloides niger,taperuçu-escuro,0,3,/wiki/taperucu-escuro,,midias.php?tm=f&t=s&s=11900
10567,Apodidae,Cypseloides fumigatus,taperuçu-preto,31,878,/wiki/taperucu-preto,midias.php?tm=s&t=s&s=10567,midias.php?tm=f&t=s&s=10567
10568,Apodidae,Cypseloides senex,taperuçu-velho,21,1946,/wiki/taperucu-velho,midias.php?tm=s&t=s&s=10568,midias.php?tm=f&t=s&s=10568
10569,Apodidae,Streptoprocne phelpsi,taperuçu-dos-tepuis,4,88,/wiki/taperucu-dos-tepuis,midias.php?tm=s&t=s&s=10569,midias.php?tm=f&t=s&s=10569
10570,Apodidae,Streptoprocne zonaris,taperuçu-de-coleira-branca,152,5436,/wiki/taperucu-de-coleira-branca,midias.php?tm=s&t=s&s=10570,midias.php?tm=f&t=s&s=10570
10571,Apodidae,Streptoprocne biscutata,taperuçu-de-coleira-falha,70,1929,/wiki/taperucu-de-coleira-falha,midias.php?tm=s&t=s&s=10571,midias.php?tm=f&t=s&s=10571
10573,Apodidae,Chaetura cinereiventris,andorinhão-de-sobre-cinzento,208,1484,/wiki/andorinhao-de-sobre-cinzento,midias.php?tm=s&t=s&s=10573,midias.php?tm=f&t=s&s=10573
10572,Apodidae,Chaetura spinicaudus,andorinhão-de-sobre-branco,19,533,/wiki/andorinhao-de-sobre-branco,midias.php?tm=s&t=s&s=10572,midias.php?tm=f&t=s&s=10572
10574,Apodidae,Chaetura egregia,andorinhão-de-garganta-branca,3,74,/wiki/andorinhao-de-garganta-branca,midias.php?tm=s&t=s&s=10574,midias.php?tm=f&t=s&s=10574
10575,Apodidae,Chaetura pelagica,andorinhão-peregrino,1,34,/wiki/andorinhao-peregrino,midias.php?tm=s&t=s&s=10575,midias.php?tm=f&t=s&s=10575
10576,Apodidae,Chaetura chapmani,andorinhão-de-chapman,39,284,/wiki/andorinhao-de-chapman,midias.php?tm=s&t=s&s=10576,midias.php?tm=f&t=s&s=10576
10578,Apodidae,Chaetura meridionalis,andorinhão-do-temporal,429,4528,/wiki/andorinhao-do-temporal,midias.php?tm=s&t=s&s=10578,midias.php?tm=f&t=s&s=10578
10579,Apodidae,Chaetura brachyura,andorinhão-de-rabo-curto,56,870,/wiki/andorinhao-de-rabo-curto,midias.php?tm=s&t=s&s=10579,midias.php?tm=f&t=s&s=10579
10580,Apodidae,Aeronautes montivagus,andorinhão-serrano,2,7,/wiki/andorinhao-serrano,midias.php?tm=s&t=s&s=10580,midias.php?tm=f&t=s&s=10580
10581,Apodidae,Tachornis squamata,andorinhão-do-buriti,132,3141,/wiki/andorinhao-do-buriti,midias.php?tm=s&t=s&s=10581,midias.php?tm=f&t=s&s=10581
10582,Apodidae,Panyptila cayennensis,andorinhão-estofador,11,905,/wiki/andorinhao-estofador,midias.php?tm=s&t=s&s=10582,midias.php?tm=f&t=s&s=10582
12081,Apodidae,Tachymarptis melba,andorinhão-real,5,30,/wiki/andorinhao-real,midias.php?tm=s&t=s&s=12081,midias.php?tm=f&t=s&s=12081
12082,Apodidae,Apus apus,andorinhão-asa-de-foice,2,49,/wiki/andorinhao-asa-de-foice,midias.php?tm=s&t=s&s=12082,midias.php?tm=f&t=s&s=12082
10620,Trochilidae,Topaza pella,beija-flor-brilho-de-fogo,48,936,/wiki/beija-flor-brilho-de-fogo,midias.php?tm=s&t=s&s=10620,midias.php?tm=f&t=s&s=10620
10621,Trochilidae,Topaza pyra,topázio-de-fogo,28,425,/wiki/topazio-de-fogo,midias.php?tm=s&t=s&s=10621,midias.php?tm=f&t=s&s=10621
10612,Trochilidae,Florisuga mellivora,beija-flor-azul-de-rabo-branco,13,1194,/wiki/beija-flor-azul-de-rabo-branco,midias.php?tm=s&t=s&s=10612,midias.php?tm=f&t=s&s=10612
10613,Trochilidae,Florisuga fusca,beija-flor-preto,158,12074,/wiki/beija-flor-preto,midias.php?tm=s&t=s&s=10613,midias.php?tm=f&t=s&s=10613
10583,Trochilidae,Ramphodon naevius,beija-flor-rajado,202,4632,/wiki/beija-flor-rajado,midias.php?tm=s&t=s&s=10583,midias.php?tm=f&t=s&s=10583
10584,Trochilidae,Glaucis dohrnii,balança-rabo-canela,36,485,/wiki/balanca-rabo-canela,midias.php?tm=s&t=s&s=10584,midias.php?tm=f&t=s&s=10584
10585,Trochilidae,Glaucis hirsutus,balança-rabo-de-bico-torto,91,3175,/wiki/balanca-rabo-de-bico-torto,midias.php?tm=s&t=s&s=10585,midias.php?tm=f&t=s&s=10585
10586,Trochilidae,Threnetes leucurus,balança-rabo-de-garganta-preta,15,202,/wiki/balanca-rabo-de-garganta-preta,midias.php?tm=s&t=s&s=10586,midias.php?tm=f&t=s&s=10586
10587,Trochilidae,Threnetes niger,balança-rabo-escuro,2,10,/wiki/balanca-rabo-escuro,midias.php?tm=s&t=s&s=10587,midias.php?tm=f&t=s&s=10587
10588,Trochilidae,Anopetia gounellei,rabo-branco-de-cauda-larga,51,610,/wiki/rabo-branco-de-cauda-larga,midias.php?tm=s&t=s&s=10588,midias.php?tm=f&t=s&s=10588
10589,Trochilidae,Phaethornis squalidus,rabo-branco-pequeno,113,1562,/wiki/rabo-branco-pequeno,midias.php?tm=s&t=s&s=10589,midias.php?tm=f&t=s&s=10589
10591,Trochilidae,Phaethornis rupurumii,rabo-branco-do-rupununi,46,496,/wiki/rabo-branco-do-rupununi,midias.php?tm=s&t=s&s=10591,midias.php?tm=f&t=s&s=10591
10590,Trochilidae,Phaethornis maranhaoensis,rabo-branco-do-maranhão,48,318,/wiki/rabo-branco-do-maranhao,midias.php?tm=s&t=s&s=10590,midias.php?tm=f&t=s&s=10590
10592,Trochilidae,Phaethornis aethopygus,rabo-branco-do-tapajós,13,114,/wiki/rabo-branco-do-tapajos,midias.php?tm=s&t=s&s=10592,midias.php?tm=f&t=s&s=10592
10593,Trochilidae,Phaethornis idaliae,rabo-branco-mirim,58,964,/wiki/rabo-branco-mirim,midias.php?tm=s&t=s&s=10593,midias.php?tm=f&t=s&s=10593
10594,Trochilidae,Phaethornis nattereri,rabo-branco-de-sobre-amarelo,3,110,/wiki/rabo-branco-de-sobre-amarelo,midias.php?tm=s&t=s&s=10594,midias.php?tm=f&t=s&s=10594
10595,Trochilidae,Phaethornis griseogularis,rabo-branco-de-garganta-cinza,1,9,/wiki/rabo-branco-de-garganta-cinza,midias.php?tm=s&t=s&s=10595,midias.php?tm=f&t=s&s=10595
10596,Trochilidae,Phaethornis ruber,rabo-branco-rubro,324,4258,/wiki/rabo-branco-rubro,midias.php?tm=s&t=s&s=10596,midias.php?tm=f&t=s&s=10596
,Accipitridae,Buteogallus anthracinus,gavião-caranguejeiro-negro,0,52,/wiki/gaviao-caranguejeiro-negro,,midias.php?tm=f&t=s&s=10220
10597,Trochilidae,Phaethornis subochraceus,rabo-branco-de-barriga-fulva,12,245,/wiki/rabo-branco-de-barriga-fulva,midias.php?tm=s&t=s&s=10597,midias.php?tm=f&t=s&s=10597
11803,Trochilidae,Phaethornis augusti,rabo-branco-cinza-claro,6,198,/wiki/rabo-branco-cinza-claro,midias.php?tm=s&t=s&s=11803,midias.php?tm=f&t=s&s=11803
10598,Trochilidae,Phaethornis pretrei,rabo-branco-acanelado,400,9335,/wiki/rabo-branco-acanelado,midias.php?tm=s&t=s&s=10598,midias.php?tm=f&t=s&s=10598
10599,Trochilidae,Phaethornis eurynome,rabo-branco-de-garganta-rajada,434,6089,/wiki/rabo-branco-de-garganta-rajada,midias.php?tm=s&t=s&s=10599,midias.php?tm=f&t=s&s=10599
10600,Trochilidae,Phaethornis hispidus,rabo-branco-cinza,19,238,/wiki/rabo-branco-cinza,midias.php?tm=s&t=s&s=10600,midias.php?tm=f&t=s&s=10600
10601,Trochilidae,Phaethornis philippii,rabo-branco-amarelo,16,239,/wiki/rabo-branco-amarelo,midias.php?tm=s&t=s&s=10601,midias.php?tm=f&t=s&s=10601
12008,Trochilidae,Phaethornis major,rabo-branco-de-barriga-cinza,4,28,/wiki/rabo-branco-de-barriga-cinza,midias.php?tm=s&t=s&s=12008,midias.php?tm=f&t=s&s=12008
10602,Trochilidae,Phaethornis bourcieri,rabo-branco-de-bico-reto,14,114,/wiki/rabo-branco-de-bico-reto,midias.php?tm=s&t=s&s=10602,midias.php?tm=f&t=s&s=10602
10603,Trochilidae,Phaethornis superciliosus,rabo-branco-de-bigodes,71,731,/wiki/rabo-branco-de-bigodes,midias.php?tm=s&t=s&s=10603,midias.php?tm=f&t=s&s=10603
10604,Trochilidae,Phaethornis malaris,rabo-branco-de-bico-grande,1,30,/wiki/rabo-branco-de-bico-grande,midias.php?tm=s&t=s&s=10604,midias.php?tm=f&t=s&s=10604
10605,Trochilidae,Phaethornis margarettae,rabo-branco-de-margaretta,32,336,/wiki/rabo-branco-de-margaretta,midias.php?tm=s&t=s&s=10605,midias.php?tm=f&t=s&s=10605
12077,Trochilidae,Phaethornis atrimentalis,rabo-branco-de-garganta-escura,1,2,/wiki/rabo-branco-de-garganta-escura,midias.php?tm=s&t=s&s=12077,midias.php?tm=f&t=s&s=12077
10606,Trochilidae,Doryfera johannae,bico-de-lança,2,19,/wiki/bico-de-lanca,midias.php?tm=s&t=s&s=10606,midias.php?tm=f&t=s&s=10606
10230,Accipitridae,Geranoaetus polyosoma,gavião-de-costas-vermelhas,2,322,/wiki/gaviao-de-costas-vermelhas,midias.php?tm=s&t=s&s=10230,midias.php?tm=f&t=s&s=10230
10657,Trochilidae,Augastes scutatus,beija-flor-de-gravata-verde,55,1422,/wiki/beija-flor-de-gravata-verde,midias.php?tm=s&t=s&s=10657,midias.php?tm=f&t=s&s=10657
10658,Trochilidae,Augastes lumachella,beija-flor-de-gravata-vermelha,43,1153,/wiki/beija-flor-de-gravata-vermelha,midias.php?tm=s&t=s&s=10658,midias.php?tm=f&t=s&s=10658
10614,Trochilidae,Colibri delphinae,beija-flor-marrom,15,385,/wiki/beija-flor-marrom,midias.php?tm=s&t=s&s=10614,midias.php?tm=f&t=s&s=10614
10615,Trochilidae,Colibri coruscans,beija-flor-violeta,11,233,/wiki/beija-flor-violeta,midias.php?tm=s&t=s&s=10615,midias.php?tm=f&t=s&s=10615
10616,Trochilidae,Colibri serrirostris,beija-flor-de-orelha-violeta,519,9006,/wiki/beija-flor-de-orelha-violeta,midias.php?tm=s&t=s&s=10616,midias.php?tm=f&t=s&s=10616
10660,Trochilidae,Heliactin bilophus,chifre-de-ouro,57,3526,/wiki/chifre-de-ouro,midias.php?tm=s&t=s&s=10660,midias.php?tm=f&t=s&s=10660
10659,Trochilidae,Heliothryx auritus,beija-flor-de-bochecha-azul,33,3072,/wiki/beija-flor-de-bochecha-azul,midias.php?tm=s&t=s&s=10659,midias.php?tm=f&t=s&s=10659
10642,Trochilidae,Polytmus guainumbi,beija-flor-de-bico-curvo,52,2896,/wiki/beija-flor-de-bico-curvo,midias.php?tm=s&t=s&s=10642,midias.php?tm=f&t=s&s=10642
10643,Trochilidae,Polytmus theresiae,beija-flor-verde,40,810,/wiki/beija-flor-verde,midias.php?tm=s&t=s&s=10643,midias.php?tm=f&t=s&s=10643
10619,Trochilidae,Avocettula recurvirostris,beija-flor-de-bico-virado,7,291,/wiki/beija-flor-de-bico-virado,midias.php?tm=s&t=s&s=10619,midias.php?tm=f&t=s&s=10619
10622,Trochilidae,Chrysolampis mosquitus,beija-flor-vermelho,72,5473,/wiki/beija-flor-vermelho,midias.php?tm=s&t=s&s=10622,midias.php?tm=f&t=s&s=10622
10617,Trochilidae,Anthracothorax viridigula,beija-flor-de-veste-verde,6,368,/wiki/beija-flor-de-veste-verde,midias.php?tm=s&t=s&s=10617,midias.php?tm=f&t=s&s=10617
10618,Trochilidae,Anthracothorax nigricollis,beija-flor-de-veste-preta,126,11987,/wiki/beija-flor-de-veste-preta,midias.php?tm=s&t=s&s=10618,midias.php?tm=f&t=s&s=10618
10629,Trochilidae,Discosura langsdorffi,rabo-de-espinho,3,203,/wiki/rabo-de-espinho,midias.php?tm=s&t=s&s=10629,midias.php?tm=f&t=s&s=10629
10630,Trochilidae,Discosura longicaudus,bandeirinha,3,496,/wiki/bandeirinha,midias.php?tm=s&t=s&s=10630,midias.php?tm=f&t=s&s=10630
10624,Trochilidae,Lophornis ornatus,topetinho-de-leque-canela,3,142,/wiki/topetinho-de-leque-canela,midias.php?tm=s&t=s&s=10624,midias.php?tm=f&t=s&s=10624
10625,Trochilidae,Lophornis gouldii,topetinho-do-brasil-central,2,342,/wiki/topetinho-do-brasil-central,midias.php?tm=s&t=s&s=10625,midias.php?tm=f&t=s&s=10625
10626,Trochilidae,Lophornis magnificus,topetinho-vermelho,26,4128,/wiki/topetinho-vermelho,midias.php?tm=s&t=s&s=10626,midias.php?tm=f&t=s&s=10626
12009,Trochilidae,Lophornis cf. delattrei,topetinho-ruivo,2,24,/wiki/topetinho-ruivo,midias.php?tm=s&t=s&s=12009,midias.php?tm=f&t=s&s=12009
10627,Trochilidae,Lophornis chalybeus,topetinho-verde,37,5495,/wiki/topetinho-verde,midias.php?tm=s&t=s&s=10627,midias.php?tm=f&t=s&s=10627
,Trochilidae,Lophornis pavoninus,topetinho-pavão,0,31,/wiki/topetinho-pavao,,midias.php?tm=f&t=s&s=10628
10654,Trochilidae,Heliodoxa xanthogonys,brilhante-veludo,2,56,/wiki/brilhante-veludo,midias.php?tm=s&t=s&s=10654,midias.php?tm=f&t=s&s=10654
,Trochilidae,Heliodoxa schreibersii,brilhante-de-garganta-preta,0,8,/wiki/brilhante-de-garganta-preta,,midias.php?tm=f&t=s&s=10655
10656,Trochilidae,Heliodoxa aurescens,beija-flor-estrela,8,163,/wiki/beija-flor-estrela,midias.php?tm=s&t=s&s=10656,midias.php?tm=f&t=s&s=10656
10653,Trochilidae,Heliodoxa rubricauda,beija-flor-rubi,227,9091,/wiki/beija-flor-rubi,midias.php?tm=s&t=s&s=10653,midias.php?tm=f&t=s&s=10653
10661,Trochilidae,Heliomaster longirostris,bico-reto-cinzento,15,1349,/wiki/bico-reto-cinzento,midias.php?tm=s&t=s&s=10661,midias.php?tm=f&t=s&s=10661
10662,Trochilidae,Heliomaster squamosus,bico-reto-de-banda-branca,64,7010,/wiki/bico-reto-de-banda-branca,midias.php?tm=s&t=s&s=10662,midias.php?tm=f&t=s&s=10662
10663,Trochilidae,Heliomaster furcifer,bico-reto-azul,68,2656,/wiki/bico-reto-azul,midias.php?tm=s&t=s&s=10663,midias.php?tm=f&t=s&s=10663
10664,Trochilidae,Calliphlox amethystina,estrelinha-ametista,33,8764,/wiki/estrelinha-ametista,midias.php?tm=s&t=s&s=10664,midias.php?tm=f&t=s&s=10664
10632,Trochilidae,Chlorostilbon mellisugus,esmeralda-de-cauda-azul,2,646,/wiki/esmeralda-de-cauda-azul,midias.php?tm=s&t=s&s=10632,midias.php?tm=f&t=s&s=10632
10633,Trochilidae,Chlorostilbon lucidus,besourinho-de-bico-vermelho,296,25857,/wiki/besourinho-de-bico-vermelho,midias.php?tm=s&t=s&s=10633,midias.php?tm=f&t=s&s=10633
10623,Trochilidae,Stephanoxis lalandi,beija-flor-de-topete-verde,119,2304,/wiki/beija-flor-de-topete-verde,midias.php?tm=s&t=s&s=10623,midias.php?tm=f&t=s&s=10623
11973,Trochilidae,Stephanoxis loddigesii,beija-flor-de-topete-azul,192,3343,/wiki/beija-flor-de-topete-azul,midias.php?tm=s&t=s&s=11973,midias.php?tm=f&t=s&s=11973
12010,Trochilidae,Campylopterus largipennis,asa-de-sabre-da-guiana,4,548,/wiki/asa-de-sabre-da-guiana,midias.php?tm=s&t=s&s=12010,midias.php?tm=f&t=s&s=12010
10607,Trochilidae,Campylopterus obscurus,asa-de-sabre-de-cauda-escura,22,818,/wiki/asa-de-sabre-de-cauda-escura,midias.php?tm=s&t=s&s=10607,midias.php?tm=f&t=s&s=10607
12011,Trochilidae,Campylopterus calcirupicola,asa-de-sabre-da-mata-seca,19,525,/wiki/asa-de-sabre-da-mata-seca,midias.php?tm=s&t=s&s=12011,midias.php?tm=f&t=s&s=12011
12012,Trochilidae,Campylopterus diamantinensis,asa-de-sabre-do-espinhaço,11,114,/wiki/asa-de-sabre-do-espinhaco,midias.php?tm=s&t=s&s=12012,midias.php?tm=f&t=s&s=12012
10608,Trochilidae,Campylopterus hyperythrus,asa-de-sabre-canela,3,71,/wiki/asa-de-sabre-canela,midias.php?tm=s&t=s&s=10608,midias.php?tm=f&t=s&s=10608
10609,Trochilidae,Campylopterus duidae,asa-de-sabre-de-peito-camurça,1,2,/wiki/asa-de-sabre-de-peito-camurca,midias.php?tm=s&t=s&s=10609,midias.php?tm=f&t=s&s=10609
10634,Trochilidae,Thalurania furcata,beija-flor-tesoura-verde,120,8008,/wiki/beija-flor-tesoura-verde,midias.php?tm=s&t=s&s=10634,midias.php?tm=f&t=s&s=10634
10635,Trochilidae,Thalurania watertonii,beija-flor-de-costas-violeta,7,637,/wiki/beija-flor-de-costas-violeta,midias.php?tm=s&t=s&s=10635,midias.php?tm=f&t=s&s=10635
10636,Trochilidae,Thalurania glaucopis,beija-flor-de-fronte-violeta,441,24668,/wiki/beija-flor-de-fronte-violeta,midias.php?tm=s&t=s&s=10636,midias.php?tm=f&t=s&s=10636
10610,Trochilidae,Eupetomena macroura,beija-flor-tesoura,611,27669,/wiki/beija-flor-tesoura,midias.php?tm=s&t=s&s=10610,midias.php?tm=f&t=s&s=10610
10611,Trochilidae,Aphantochroa cirrochloris,beija-flor-cinza,273,7909,/wiki/beija-flor-cinza,midias.php?tm=s&t=s&s=10611,midias.php?tm=f&t=s&s=10611
10644,Trochilidae,Thalaphorus chlorocercus,beija-flor-pintado,14,170,/wiki/beija-flor-pintado,midias.php?tm=s&t=s&s=10644,midias.php?tm=f&t=s&s=10644
10652,Trochilidae,Saucerottia viridigaster,beija-flor-de-barriga-verde,2,197,/wiki/beija-flor-de-barriga-verde,midias.php?tm=s&t=s&s=10652,midias.php?tm=f&t=s&s=10652
10647,Trochilidae,Chrysuronia versicolor,beija-flor-de-banda-branca,226,9943,/wiki/beija-flor-de-banda-branca,midias.php?tm=s&t=s&s=10647,midias.php?tm=f&t=s&s=10647
10648,Trochilidae,Chrysuronia rondoniae,beija-flor-de-cabeça-azul,4,166,/wiki/beija-flor-de-cabeca-azul,midias.php?tm=s&t=s&s=10648,midias.php?tm=f&t=s&s=10648
10640,Trochilidae,Chrysuronia oenone,beija-flor-de-cauda-dourada,4,79,/wiki/beija-flor-de-cauda-dourada,midias.php?tm=s&t=s&s=10640,midias.php?tm=f&t=s&s=10640
10649,Trochilidae,Chrysuronia brevirostris,beija-flor-de-bico-preto,13,155,/wiki/beija-flor-de-bico-preto,midias.php?tm=s&t=s&s=10649,midias.php?tm=f&t=s&s=10649
10646,Trochilidae,Chrysuronia leucogaster,beija-flor-de-barriga-branca,49,3272,/wiki/beija-flor-de-barriga-branca,midias.php?tm=s&t=s&s=10646,midias.php?tm=f&t=s&s=10646
10641,Trochilidae,Leucochloris albicollis,beija-flor-de-papo-branco,393,10041,/wiki/beija-flor-de-papo-branco,midias.php?tm=s&t=s&s=10641,midias.php?tm=f&t=s&s=10641
10650,Trochilidae,Chionomesa fimbriata,beija-flor-de-garganta-verde,391,14976,/wiki/beija-flor-de-garganta-verde,midias.php?tm=s&t=s&s=10650,midias.php?tm=f&t=s&s=10650
10651,Trochilidae,Chionomesa lactea,beija-flor-de-peito-azul,342,12488,/wiki/beija-flor-de-peito-azul,midias.php?tm=s&t=s&s=10651,midias.php?tm=f&t=s&s=10651
10637,Trochilidae,Hylocharis sapphirina,beija-flor-safira,48,1399,/wiki/beija-flor-safira,midias.php?tm=s&t=s&s=10637,midias.php?tm=f&t=s&s=10637
10639,Trochilidae,Hylocharis chrysura,beija-flor-dourado,297,7757,/wiki/beija-flor-dourado,midias.php?tm=s&t=s&s=10639,midias.php?tm=f&t=s&s=10639
10645,Trochilidae,Elliotomyia chionogaster,beija-flor-verde-e-branco,3,79,/wiki/beija-flor-verde-e-branco,midias.php?tm=s&t=s&s=10645,midias.php?tm=f&t=s&s=10645
10638,Trochilidae,Chlorestes cyanus,beija-flor-roxo,269,4400,/wiki/beija-flor-roxo,midias.php?tm=s&t=s&s=10638,midias.php?tm=f&t=s&s=10638
10631,Trochilidae,Chlorestes notata,beija-flor-de-garganta-azul,40,3782,/wiki/beija-flor-de-garganta-azul,midias.php?tm=s&t=s&s=10631,midias.php?tm=f&t=s&s=10631
10491,Opisthocomidae,Opisthocomus hoazin,cigana,89,2459,/wiki/cigana,midias.php?tm=s&t=s&s=10491,midias.php?tm=f&t=s&s=10491
10263,Aramidae,Aramus guarauna,carão,567,13696,/wiki/carao,midias.php?tm=s&t=s&s=10263,midias.php?tm=f&t=s&s=10263
,Psophiidae,Psophia napensis,jacamim-do-napo,0,1,/wiki/jacamim-do-napo,,midias.php?tm=f&t=s&s=11895
10264,Psophiidae,Psophia crepitans,jacamim-de-costas-cinzentas,24,270,/wiki/jacamim-de-costas-cinzentas,midias.php?tm=s&t=s&s=10264,midias.php?tm=f&t=s&s=10264
11896,Psophiidae,Psophia ochroptera,jacamim-de-costas-amarelas,1,2,/wiki/jacamim-de-costas-amarelas,midias.php?tm=s&t=s&s=11896,midias.php?tm=f&t=s&s=11896
10265,Psophiidae,Psophia leucoptera,jacamim-de-costas-brancas,13,45,/wiki/jacamim-de-costas-brancas,midias.php?tm=s&t=s&s=10265,midias.php?tm=f&t=s&s=10265
10266,Psophiidae,Psophia viridis,jacamim-de-costas-verdes,8,73,/wiki/jacamim-de-costas-verdes,midias.php?tm=s&t=s&s=10266,midias.php?tm=f&t=s&s=10266
11850,Psophiidae,Psophia dextralis,jacamim-de-costas-marrons,11,192,/wiki/jacamim-de-costas-marrons,midias.php?tm=s&t=s&s=11850,midias.php?tm=f&t=s&s=11850
11897,Psophiidae,Psophia interjecta,jacamim-do-xingu,18,125,/wiki/jacamim-do-xingu,midias.php?tm=s&t=s&s=11897,midias.php?tm=f&t=s&s=11897
11851,Psophiidae,Psophia obscura,jacamim-de-costas-escuras,3,25,/wiki/jacamim-de-costas-escuras,midias.php?tm=s&t=s&s=11851,midias.php?tm=f&t=s&s=11851
11898,Rallidae,Crex crex,codornizão,1,7,/wiki/codornizao,midias.php?tm=s&t=s&s=11898,midias.php?tm=f&t=s&s=11898
10269,Rallidae,Rallus longirostris,saracura-matraca,189,2427,/wiki/saracura-matraca,midias.php?tm=s&t=s&s=10269,midias.php?tm=f&t=s&s=10269
10294,Rallidae,Porphyrio martinica,frango-d'água-azul,230,10811,/wiki/frango-d_agua-azul,midias.php?tm=s&t=s&s=10294,midias.php?tm=f&t=s&s=10294
,Rallidae,Porphyrio alleni,frango-d'água-africano,0,16,/wiki/frango-d_agua-africano,,midias.php?tm=f&t=s&s=12013
10295,Rallidae,Porphyrio flavirostris,frango-d'água-pequeno,44,789,/wiki/frango-d_agua-pequeno,midias.php?tm=s&t=s&s=10295,midias.php?tm=f&t=s&s=10295
10276,Rallidae,Anurolimnas castaneiceps,sanã-de-cabeça-castanha,28,36,/wiki/sana-de-cabeca-castanha,midias.php?tm=s&t=s&s=10276,midias.php?tm=f&t=s&s=10276
10277,Rallidae,Rufirallus viridis,sanã-castanha,604,2012,/wiki/sana-castanha,midias.php?tm=s&t=s&s=10277,midias.php?tm=f&t=s&s=10277
10278,Rallidae,Laterallus fasciatus,sanã-zebrada,13,35,/wiki/sana-zebrada,midias.php?tm=s&t=s&s=10278,midias.php?tm=f&t=s&s=10278
10284,Rallidae,Laterallus flaviventer,sanã-amarela,111,936,/wiki/sana-amarela,midias.php?tm=s&t=s&s=10284,midias.php?tm=f&t=s&s=10284
10279,Rallidae,Laterallus melanophaius,sanã-parda,1103,6186,/wiki/sana-parda,midias.php?tm=s&t=s&s=10279,midias.php?tm=f&t=s&s=10279
10280,Rallidae,Laterallus exilis,sanã-do-capim,537,763,/wiki/sana-do-capim,midias.php?tm=s&t=s&s=10280,midias.php?tm=f&t=s&s=10280
10281,Rallidae,Laterallus jamaicensis,sanã-preta,20,193,/wiki/sana-preta,midias.php?tm=s&t=s&s=10281,midias.php?tm=f&t=s&s=10281
10285,Rallidae,Laterallus spilopterus,sanã-cinza,41,301,/wiki/sana-cinza,midias.php?tm=s&t=s&s=10285,midias.php?tm=f&t=s&s=10285
10282,Rallidae,Laterallus leucopyrrhus,sanã-vermelha,296,2045,/wiki/sana-vermelha,midias.php?tm=s&t=s&s=10282,midias.php?tm=f&t=s&s=10282
10283,Rallidae,Laterallus xenopterus,sanã-de-cara-ruiva,66,406,/wiki/sana-de-cara-ruiva,midias.php?tm=s&t=s&s=10283,midias.php?tm=f&t=s&s=10283
,Rallidae,Coturnicops notatus,pinto-d'água-carijó,0,7,/wiki/pinto-d_agua-carijo,,midias.php?tm=f&t=s&s=10267
10268,Rallidae,Micropygia schomburgkii,maxalalagá,195,1093,/wiki/maxalalaga,midias.php?tm=s&t=s&s=10268,midias.php?tm=f&t=s&s=10268
10286,Rallidae,Mustelirallus albicollis,sanã-carijó,791,3589,/wiki/sana-carijo,midias.php?tm=s&t=s&s=10286,midias.php?tm=f&t=s&s=10286
10287,Rallidae,Neocrex erythrops,turu-turu,124,762,/wiki/turu-turu,midias.php?tm=s&t=s&s=10287,midias.php?tm=f&t=s&s=10287
10288,Rallidae,Pardirallus maculatus,saracura-carijó,113,1656,/wiki/saracura-carijo,midias.php?tm=s&t=s&s=10288,midias.php?tm=f&t=s&s=10288
10289,Rallidae,Pardirallus nigricans,saracura-sanã,1270,6192,/wiki/saracura-sana,midias.php?tm=s&t=s&s=10289,midias.php?tm=f&t=s&s=10289
10290,Rallidae,Pardirallus sanguinolentus,saracura-do-banhado,315,3362,/wiki/saracura-do-banhado,midias.php?tm=s&t=s&s=10290,midias.php?tm=f&t=s&s=10290
10275,Rallidae,Amaurolimnas concolor,saracura-lisa,354,596,/wiki/saracura-lisa,midias.php?tm=s&t=s&s=10275,midias.php?tm=f&t=s&s=10275
10270,Rallidae,Aramides ypecaha,saracuruçu,230,4248,/wiki/saracurucu,midias.php?tm=s&t=s&s=10270,midias.php?tm=f&t=s&s=10270
10271,Rallidae,Aramides mangle,saracura-do-mangue,79,1284,/wiki/saracura-do-mangue,midias.php?tm=s&t=s&s=10271,midias.php?tm=f&t=s&s=10271
10272,Rallidae,Aramides cajaneus,saracura-três-potes,1053,9712,/wiki/saracura-tres-potes,midias.php?tm=s&t=s&s=10272,midias.php?tm=f&t=s&s=10272
10274,Rallidae,Aramides saracura,saracura-do-mato,1153,13216,/wiki/saracura-do-mato,midias.php?tm=s&t=s&s=10274,midias.php?tm=f&t=s&s=10274
10293,Rallidae,Porphyriops melanops,galinha-d'água-carijó,55,2239,/wiki/galinha-d_agua-carijo,midias.php?tm=s&t=s&s=10293,midias.php?tm=f&t=s&s=10293
12014,Rallidae,Porzana carolina,sora,6,24,/wiki/sora,midias.php?tm=s&t=s&s=12014,midias.php?tm=f&t=s&s=12014
,Rallidae,Paragallinula angulata,galinha-d'água-pequena,0,1,/wiki/galinha-d_agua-pequena,,midias.php?tm=f&t=s&s=10292
10291,Rallidae,Gallinula galeata,galinha-d'água,464,20743,/wiki/galinha-d_agua,midias.php?tm=s&t=s&s=10291,midias.php?tm=f&t=s&s=10291
10297,Rallidae,Fulica rufifrons,carqueja-de-escudo-vermelho,28,981,/wiki/carqueja-de-escudo-vermelho,midias.php?tm=s&t=s&s=10297,midias.php?tm=f&t=s&s=10297
10296,Rallidae,Fulica armillata,carqueja-de-bico-manchado,9,1901,/wiki/carqueja-de-bico-manchado,midias.php?tm=s&t=s&s=10296,midias.php?tm=f&t=s&s=10296
10298,Rallidae,Fulica leucoptera,carqueja-de-bico-amarelo,23,2044,/wiki/carqueja-de-bico-amarelo,midias.php?tm=s&t=s&s=10298,midias.php?tm=f&t=s&s=10298
10299,Heliornithidae,Heliornis fulica,picaparra,61,1628,/wiki/picaparra,midias.php?tm=s&t=s&s=10299,midias.php?tm=f&t=s&s=10299
10304,Charadriidae,Pluvialis dominica,batuiruçu,64,4241,/wiki/batuirucu,midias.php?tm=s&t=s&s=10304,midias.php?tm=f&t=s&s=10304
10305,Charadriidae,Pluvialis squatarola,batuiruçu-de-axila-preta,45,3508,/wiki/batuirucu-de-axila-preta,midias.php?tm=s&t=s&s=10305,midias.php?tm=f&t=s&s=10305
10312,Charadriidae,Oreopholus ruficollis,batuíra-de-papo-ferrugíneo,7,233,/wiki/batuira-de-papo-ferrugineo,midias.php?tm=s&t=s&s=10312,midias.php?tm=f&t=s&s=10312
10359,Laridae,Larus delawarensis,gaivota-de-bico-riscado,2,291,/wiki/gaivota-de-bico-riscado,midias.php?tm=s&t=s&s=10359,midias.php?tm=f&t=s&s=10359
10302,Charadriidae,Vanellus cayanus,mexeriqueira,99,3396,/wiki/mexeriqueira,midias.php?tm=s&t=s&s=10302,midias.php?tm=f&t=s&s=10302
10303,Charadriidae,Vanellus chilensis,quero-quero,964,29603,/wiki/quero-quero,midias.php?tm=s&t=s&s=10303,midias.php?tm=f&t=s&s=10303
12083,Charadriidae,Charadrius vociferus,batuíra-de-cauda-ruiva,4,34,/wiki/batuira-de-cauda-ruiva,midias.php?tm=s&t=s&s=12083,midias.php?tm=f&t=s&s=12083
10311,Charadriidae,Charadrius modestus,batuíra-de-peito-tijolo,20,1207,/wiki/batuira-de-peito-tijolo,midias.php?tm=s&t=s&s=10311,midias.php?tm=f&t=s&s=10311
,Charadriidae,Charadrius leschenaultii,batuíra-mascarada,0,8,/wiki/batuira-mascarada,,midias.php?tm=f&t=s&s=12076
10306,Charadriidae,Charadrius semipalmatus,batuíra-de-bando,108,9288,/wiki/batuira-de-bando,midias.php?tm=s&t=s&s=10306,midias.php?tm=f&t=s&s=10306
10308,Charadriidae,Charadrius wilsonia,batuíra-bicuda,37,970,/wiki/batuira-bicuda,midias.php?tm=s&t=s&s=10308,midias.php?tm=f&t=s&s=10308
10309,Charadriidae,Charadrius collaris,batuíra-de-coleira,99,6055,/wiki/batuira-de-coleira,midias.php?tm=s&t=s&s=10309,midias.php?tm=f&t=s&s=10309
10310,Charadriidae,Charadrius falklandicus,batuíra-de-coleira-dupla,5,877,/wiki/batuira-de-coleira-dupla,midias.php?tm=s&t=s&s=10310,midias.php?tm=f&t=s&s=10310
10313,Haematopodidae,Haematopus palliatus,piru-piru,152,7518,/wiki/piru-piru,midias.php?tm=s&t=s&s=10313,midias.php?tm=f&t=s&s=10313
10314,Recurvirostridae,Himantopus mexicanus,pernilongo-de-costas-negras,117,3802,/wiki/pernilongo-de-costas-negras,midias.php?tm=s&t=s&s=10314,midias.php?tm=f&t=s&s=10314
10315,Recurvirostridae,Himantopus melanurus,pernilongo-de-costas-brancas,384,14566,/wiki/pernilongo-de-costas-brancas,midias.php?tm=s&t=s&s=10315,midias.php?tm=f&t=s&s=10315
10316,Burhinidae,Burhinus bistriatus,téu-téu-da-savana,13,527,/wiki/teu-teu-da-savana,midias.php?tm=s&t=s&s=10316,midias.php?tm=f&t=s&s=10316
,Chionidae,Chionis albus,pomba-antártica,0,352,/wiki/pomba-antartica,,midias.php?tm=f&t=s&s=10317
10326,Scolopacidae,Bartramia longicauda,maçarico-do-campo,34,839,/wiki/macarico-do-campo,midias.php?tm=s&t=s&s=10326,midias.php?tm=f&t=s&s=10326
10325,Scolopacidae,Numenius hudsonicus,maçarico-de-bico-torto,74,3583,/wiki/macarico-de-bico-torto,midias.php?tm=s&t=s&s=10325,midias.php?tm=f&t=s&s=10325
11899,Scolopacidae,Numenius phaeopus,maçarico-galego,5,140,/wiki/macarico-galego,midias.php?tm=s&t=s&s=11899,midias.php?tm=f&t=s&s=11899
10322,Scolopacidae,Limosa lapponica,fuselo,2,143,/wiki/fuselo,midias.php?tm=s&t=s&s=10322,midias.php?tm=f&t=s&s=10322
10321,Scolopacidae,Limosa haemastica,maçarico-de-bico-virado,20,1808,/wiki/macarico-de-bico-virado,midias.php?tm=s&t=s&s=10321,midias.php?tm=f&t=s&s=10321
,Scolopacidae,Limosa fedoa,maçarico-marmóreo,0,47,/wiki/macarico-marmoreo,,midias.php?tm=f&t=s&s=10323
10334,Scolopacidae,Arenaria interpres,vira-pedras,41,5253,/wiki/vira-pedras,midias.php?tm=s&t=s&s=10334,midias.php?tm=f&t=s&s=10334
10335,Scolopacidae,Calidris canutus,maçarico-de-papo-vermelho,15,2547,/wiki/macarico-de-papo-vermelho,midias.php?tm=s&t=s&s=10335,midias.php?tm=f&t=s&s=10335
,Scolopacidae,Calidris pugnax,combatente,0,176,/wiki/combatente,,midias.php?tm=f&t=s&s=10344
10342,Scolopacidae,Calidris himantopus,maçarico-pernilongo,13,1054,/wiki/macarico-pernilongo,midias.php?tm=s&t=s&s=10342,midias.php?tm=f&t=s&s=10342
,Scolopacidae,Calidris ferruginea,maçarico-de-bico-curvo,0,51,/wiki/macarico-de-bico-curvo,,midias.php?tm=f&t=s&s=12015
10336,Scolopacidae,Calidris alba,maçarico-branco,35,5696,/wiki/macarico-branco,midias.php?tm=s&t=s&s=10336,midias.php?tm=f&t=s&s=10336
10340,Scolopacidae,Calidris bairdii,maçarico-de-bico-fino,6,328,/wiki/macarico-de-bico-fino,midias.php?tm=s&t=s&s=10340,midias.php?tm=f&t=s&s=10340
12016,Scolopacidae,Calidris minuta,maçarico-pequeno,5,25,/wiki/macarico-pequeno,midias.php?tm=s&t=s&s=12016,midias.php?tm=f&t=s&s=12016
10338,Scolopacidae,Calidris minutilla,maçariquinho,15,1276,/wiki/macariquinho,midias.php?tm=s&t=s&s=10338,midias.php?tm=f&t=s&s=10338
10339,Scolopacidae,Calidris fuscicollis,maçarico-de-sobre-branco,84,5824,/wiki/macarico-de-sobre-branco,midias.php?tm=s&t=s&s=10339,midias.php?tm=f&t=s&s=10339
10343,Scolopacidae,Calidris subruficollis,maçarico-acanelado,6,1218,/wiki/macarico-acanelado,midias.php?tm=s&t=s&s=10343,midias.php?tm=f&t=s&s=10343
10341,Scolopacidae,Calidris melanotos,maçarico-de-colete,51,3788,/wiki/macarico-de-colete,midias.php?tm=s&t=s&s=10341,midias.php?tm=f&t=s&s=10341
10337,Scolopacidae,Calidris pusilla,maçarico-rasteirinho,24,2743,/wiki/macarico-rasteirinho,midias.php?tm=s&t=s&s=10337,midias.php?tm=f&t=s&s=10337
,Scolopacidae,Calidris mauri,maçarico-do-alasca,0,54,/wiki/macarico-do-alasca,,midias.php?tm=f&t=s&s=12017
10320,Scolopacidae,Limnodromus griseus,maçarico-de-costas-brancas,9,972,/wiki/macarico-de-costas-brancas,midias.php?tm=s&t=s&s=10320,midias.php?tm=f&t=s&s=10320
10319,Scolopacidae,Gallinago undulata,narcejão,249,783,/wiki/narcejao,midias.php?tm=s&t=s&s=10319,midias.php?tm=f&t=s&s=10319
10318,Scolopacidae,Gallinago paraguaiae,narceja,274,5230,/wiki/narceja,midias.php?tm=s&t=s&s=10318,midias.php?tm=f&t=s&s=10318
10345,Scolopacidae,Phalaropus tricolor,pisa-n'água,8,1330,/wiki/pisa-n_agua,midias.php?tm=s&t=s&s=10345,midias.php?tm=f&t=s&s=10345
12018,Scolopacidae,Phalaropus lobatus,pisa-n'água-de-pescoço-vermelho,1,73,/wiki/pisa-n_agua-de-pescoco-vermelho,midias.php?tm=s&t=s&s=12018,midias.php?tm=f&t=s&s=12018
,Scolopacidae,Phalaropus fulicarius,pisa-n'água-de-bico-grosso,0,16,/wiki/pisa-n_agua-de-bico-grosso,,midias.php?tm=f&t=s&s=10346
10327,Scolopacidae,Xenus cinereus,maçarico-tereque,2,34,/wiki/macarico-tereque,midias.php?tm=s&t=s&s=10327,midias.php?tm=f&t=s&s=10327
12084,Scolopacidae,Tringa nebularia,maçarico-de-perna-verde,5,35,/wiki/macarico-de-perna-verde,midias.php?tm=s&t=s&s=12084,midias.php?tm=f&t=s&s=12084
10328,Scolopacidae,Actitis macularius,maçarico-pintado,73,6611,/wiki/macarico-pintado,midias.php?tm=s&t=s&s=10328,midias.php?tm=f&t=s&s=10328
10329,Scolopacidae,Tringa solitaria,maçarico-solitário,183,8311,/wiki/macarico-solitario,midias.php?tm=s&t=s&s=10329,midias.php?tm=f&t=s&s=10329
10330,Scolopacidae,Tringa melanoleuca,maçarico-grande-de-perna-amarela,137,5962,/wiki/macarico-grande-de-perna-amarela,midias.php?tm=s&t=s&s=10330,midias.php?tm=f&t=s&s=10330
,Scolopacidae,Tringa inornata,maçarico-grande-de-asa-branca,0,44,/wiki/macarico-grande-de-asa-branca,,midias.php?tm=f&t=s&s=12019
10331,Scolopacidae,Tringa semipalmata,maçarico-de-asa-branca,17,1849,/wiki/macarico-de-asa-branca,midias.php?tm=s&t=s&s=10331,midias.php?tm=f&t=s&s=10331
10332,Scolopacidae,Tringa flavipes,maçarico-de-perna-amarela,249,9949,/wiki/macarico-de-perna-amarela,midias.php?tm=s&t=s&s=10332,midias.php?tm=f&t=s&s=10332
10333,Scolopacidae,Tringa totanus,maçarico-de-perna-vermelha,4,76,/wiki/macarico-de-perna-vermelha,midias.php?tm=s&t=s&s=10333,midias.php?tm=f&t=s&s=10333
12020,Scolopacidae,Tringa glareola,maçarico-de-bico-curto,4,39,/wiki/macarico-de-bico-curto,midias.php?tm=s&t=s&s=12020,midias.php?tm=f&t=s&s=12020
10347,Thinocoridae,Thinocorus rumicivorus,agachadeira-mirim,4,211,/wiki/agachadeira-mirim,midias.php?tm=s&t=s&s=10347,midias.php?tm=f&t=s&s=10347
10348,Jacanidae,Jacana jacana,jaçanã,436,21920,/wiki/jacana,midias.php?tm=s&t=s&s=10348,midias.php?tm=f&t=s&s=10348
10349,Rostratulidae,Nycticryphes semicollaris,narceja-de-bico-torto,2,510,/wiki/narceja-de-bico-torto,midias.php?tm=s&t=s&s=10349,midias.php?tm=f&t=s&s=10349
10350,Glareolidae,Glareola pratincola,perdiz-do-mar,4,72,/wiki/perdiz-do-mar,midias.php?tm=s&t=s&s=10350,midias.php?tm=f&t=s&s=10350
,Stercorariidae,Stercorarius skua,mandrião-grande,0,14,/wiki/mandriao-grande,,midias.php?tm=f&t=s&s=10351
10352,Stercorariidae,Stercorarius chilensis,mandrião-chileno,2,872,/wiki/mandriao-chileno,midias.php?tm=s&t=s&s=10352,midias.php?tm=f&t=s&s=10352
,Stercorariidae,Stercorarius maccormicki,mandrião-do-sul,0,340,/wiki/mandriao-do-sul,,midias.php?tm=f&t=s&s=10353
10354,Stercorariidae,Stercorarius antarcticus,mandrião-antártico,1,334,/wiki/mandriao-antartico,midias.php?tm=s&t=s&s=10354,midias.php?tm=f&t=s&s=10354
10355,Stercorariidae,Stercorarius pomarinus,mandrião-pomarino,5,340,/wiki/mandriao-pomarino,midias.php?tm=s&t=s&s=10355,midias.php?tm=f&t=s&s=10355
,Stercorariidae,Stercorarius parasiticus,mandrião-parasítico,0,367,/wiki/mandriao-parasitico,,midias.php?tm=f&t=s&s=10356
,Stercorariidae,Stercorarius longicaudus,mandrião-de-cauda-comprida,0,62,/wiki/mandriao-de-cauda-comprida,,midias.php?tm=f&t=s&s=10357
,Laridae,Xema sabini,gaivota-de-sabine,0,12,/wiki/gaivota-de-sabine,,midias.php?tm=f&t=s&s=11852
10365,Laridae,Chroicocephalus maculipennis,gaivota-maria-velha,60,3899,/wiki/gaivota-maria-velha,midias.php?tm=s&t=s&s=10365,midias.php?tm=f&t=s&s=10365
10364,Laridae,Chroicocephalus cirrocephalus,gaivota-de-cabeça-cinza,52,3502,/wiki/gaivota-de-cabeca-cinza,midias.php?tm=s&t=s&s=10364,midias.php?tm=f&t=s&s=10364
12021,Laridae,Chroicocephalus ridibundus,gaivota-de-capuz-escuro,3,243,/wiki/gaivota-de-capuz-escuro,midias.php?tm=s&t=s&s=12021,midias.php?tm=f&t=s&s=12021
,Laridae,Leucophaeus modestus,gaivota-cinzenta,0,92,/wiki/gaivota-cinzenta,,midias.php?tm=f&t=s&s=12022
10362,Laridae,Leucophaeus atricilla,gaivota-alegre,9,1142,/wiki/gaivota-alegre,midias.php?tm=s&t=s&s=10362,midias.php?tm=f&t=s&s=10362
10493,Cuculidae,Micrococcyx pumilus,papa-lagarta-de-papo-ferrugem,1,15,/wiki/papa-lagarta-de-papo-ferrugem,midias.php?tm=s&t=s&s=10493,midias.php?tm=f&t=s&s=10493
10363,Laridae,Leucophaeus pipixcan,gaivota-de-franklin,2,314,/wiki/gaivota-de-franklin,midias.php?tm=s&t=s&s=10363,midias.php?tm=f&t=s&s=10363
10358,Laridae,Larus atlanticus,gaivota-de-rabo-preto,3,517,/wiki/gaivota-de-rabo-preto,midias.php?tm=s&t=s&s=10358,midias.php?tm=f&t=s&s=10358
10360,Laridae,Larus dominicanus,gaivotão,103,12682,/wiki/gaivotao,midias.php?tm=s&t=s&s=10360,midias.php?tm=f&t=s&s=10360
10361,Laridae,Larus fuscus,gaivota-da-asa-escura,2,236,/wiki/gaivota-da-asa-escura,midias.php?tm=s&t=s&s=10361,midias.php?tm=f&t=s&s=10361
10366,Laridae,Anous stolidus,trinta-réis-escuro,3,864,/wiki/trinta-reis-escuro,midias.php?tm=s&t=s&s=10366,midias.php?tm=f&t=s&s=10366
10367,Laridae,Anous minutus,trinta-réis-preto,14,600,/wiki/trinta-reis-preto,midias.php?tm=s&t=s&s=10367,midias.php?tm=f&t=s&s=10367
10368,Laridae,Gygis alba,grazina,12,693,/wiki/grazina,midias.php?tm=s&t=s&s=10368,midias.php?tm=f&t=s&s=10368
10383,Laridae,Rynchops niger,talha-mar,118,7955,/wiki/talha-mar,midias.php?tm=s&t=s&s=10383,midias.php?tm=f&t=s&s=10383
10369,Laridae,Onychoprion fuscatus,trinta-réis-das-rocas,1,318,/wiki/trinta-reis-das-rocas,midias.php?tm=s&t=s&s=10369,midias.php?tm=f&t=s&s=10369
10370,Laridae,Sternula antillarum,trinta-réis-miúdo,14,947,/wiki/trinta-reis-miudo,midias.php?tm=s&t=s&s=10370,midias.php?tm=f&t=s&s=10370
10371,Laridae,Sternula superciliaris,trinta-réis-pequeno,66,3933,/wiki/trinta-reis-pequeno,midias.php?tm=s&t=s&s=10371,midias.php?tm=f&t=s&s=10371
10372,Laridae,Phaetusa simplex,trinta-réis-grande,174,7012,/wiki/trinta-reis-grande,midias.php?tm=s&t=s&s=10372,midias.php?tm=f&t=s&s=10372
10373,Laridae,Gelochelidon nilotica,trinta-réis-de-bico-preto,17,1238,/wiki/trinta-reis-de-bico-preto,midias.php?tm=s&t=s&s=10373,midias.php?tm=f&t=s&s=10373
10374,Laridae,Chlidonias niger,trinta-réis-negro,2,263,/wiki/trinta-reis-negro,midias.php?tm=s&t=s&s=10374,midias.php?tm=f&t=s&s=10374
11853,Laridae,Chlidonias leucopterus,trinta-réis-negro-de-asa-branca,1,54,/wiki/trinta-reis-negro-de-asa-branca,midias.php?tm=s&t=s&s=11853,midias.php?tm=f&t=s&s=11853
10375,Laridae,Sterna hirundo,trinta-réis-boreal,16,3464,/wiki/trinta-reis-boreal,midias.php?tm=s&t=s&s=10375,midias.php?tm=f&t=s&s=10375
10376,Laridae,Sterna dougallii,trinta-réis-róseo,3,578,/wiki/trinta-reis-roseo,midias.php?tm=s&t=s&s=10376,midias.php?tm=f&t=s&s=10376
10377,Laridae,Sterna paradisaea,trinta-réis-ártico,4,468,/wiki/trinta-reis-artico,midias.php?tm=s&t=s&s=10377,midias.php?tm=f&t=s&s=10377
10378,Laridae,Sterna hirundinacea,trinta-réis-de-bico-vermelho,50,3139,/wiki/trinta-reis-de-bico-vermelho,midias.php?tm=s&t=s&s=10378,midias.php?tm=f&t=s&s=10378
,Laridae,Sterna vittata,trinta-réis-antártico,0,75,/wiki/trinta-reis-antartico,,midias.php?tm=f&t=s&s=10379
10380,Laridae,Sterna trudeaui,trinta-réis-de-coroa-branca,24,2602,/wiki/trinta-reis-de-coroa-branca,midias.php?tm=s&t=s&s=10380,midias.php?tm=f&t=s&s=10380
10381,Laridae,Thalasseus acuflavidus,trinta-réis-de-bando,72,5873,/wiki/trinta-reis-de-bando,midias.php?tm=s&t=s&s=10381,midias.php?tm=f&t=s&s=10381
10382,Laridae,Thalasseus maximus,trinta-réis-real,40,4359,/wiki/trinta-reis-real,midias.php?tm=s&t=s&s=10382,midias.php?tm=f&t=s&s=10382
10300,Eurypygidae,Eurypyga helias,pavãozinho-do-pará,128,2353,/wiki/pavaozinho-do-para,midias.php?tm=s&t=s&s=10300,midias.php?tm=f&t=s&s=10300
10132,Phaethontidae,Phaethon aethereus,rabo-de-palha-de-bico-vermelho,6,458,/wiki/rabo-de-palha-de-bico-vermelho,midias.php?tm=s&t=s&s=10132,midias.php?tm=f&t=s&s=10132
,Phaethontidae,Phaethon rubricauda,rabo-de-palha-de-cauda-vermelha,0,10,/wiki/rabo-de-palha-de-cauda-vermelha,,midias.php?tm=f&t=s&s=10133
10134,Phaethontidae,Phaethon lepturus,rabo-de-palha-de-bico-laranja,6,598,/wiki/rabo-de-palha-de-bico-laranja,midias.php?tm=s&t=s&s=10134,midias.php?tm=f&t=s&s=10134
10083,Spheniscidae,Aptenodytes patagonicus,pinguim-rei,1,142,/wiki/pinguim-rei,midias.php?tm=s&t=s&s=10083,midias.php?tm=f&t=s&s=10083
10084,Spheniscidae,Spheniscus magellanicus,pinguim-de-magalhães,11,1295,/wiki/pinguim-de-magalhaes,midias.php?tm=s&t=s&s=10084,midias.php?tm=f&t=s&s=10084
,Spheniscidae,Eudyptes chrysolophus,pinguim-macaroni,0,17,/wiki/pinguim-macaroni,,midias.php?tm=f&t=s&s=10085
10086,Spheniscidae,Eudyptes chrysocome,pinguim-de-penacho-amarelo,2,86,/wiki/pinguim-de-penacho-amarelo,midias.php?tm=s&t=s&s=10086,midias.php?tm=f&t=s&s=10086
,Diomedeidae,Diomedea epomophora,albatroz-real,0,47,/wiki/albatroz-real,,midias.php?tm=f&t=s&s=10093
,Diomedeidae,Diomedea sanfordi,albatroz-real-do-norte,0,31,/wiki/albatroz-real-do-norte,,midias.php?tm=f&t=s&s=10094
,Diomedeidae,Diomedea exulans,albatroz-errante,0,83,/wiki/albatroz-errante,,midias.php?tm=f&t=s&s=10095
,Diomedeidae,Diomedea dabbenena,albatroz-de-tristão,0,22,/wiki/albatroz-de-tristao,,midias.php?tm=f&t=s&s=10096
,Diomedeidae,Phoebetria fusca,piau-preto,0,15,/wiki/piau-preto,,midias.php?tm=f&t=s&s=10087
,Diomedeidae,Phoebetria palpebrata,piau-de-costas-claras,0,19,/wiki/piau-de-costas-claras,,midias.php?tm=f&t=s&s=10088
10089,Diomedeidae,Thalassarche chlororhynchos,albatroz-de-nariz-amarelo,12,1376,/wiki/albatroz-de-nariz-amarelo,midias.php?tm=s&t=s&s=10089,midias.php?tm=f&t=s&s=10089
10090,Diomedeidae,Thalassarche melanophris,albatroz-de-sobrancelha,21,887,/wiki/albatroz-de-sobrancelha,midias.php?tm=s&t=s&s=10090,midias.php?tm=f&t=s&s=10090
,Diomedeidae,Thalassarche chrysostoma,albatroz-de-cabeça-cinza,0,24,/wiki/albatroz-de-cabeca-cinza,,midias.php?tm=f&t=s&s=10091
10092,Diomedeidae,Thalassarche cauta,albatroz-de-coroa-branca,1,31,/wiki/albatroz-de-coroa-branca,midias.php?tm=s&t=s&s=10092,midias.php?tm=f&t=s&s=10092
,Oceanitidae,Fregetta grallaria,painho-de-barriga-branca,0,5,/wiki/painho-de-barriga-branca,,midias.php?tm=f&t=s&s=10125
,Oceanitidae,Fregetta tropica,painho-de-barriga-preta,0,19,/wiki/painho-de-barriga-preta,,midias.php?tm=f&t=s&s=10126
,Oceanitidae,Oceanites oceanicus,alma-de-mestre,0,329,/wiki/alma-de-mestre,,midias.php?tm=f&t=s&s=10127
,Oceanitidae,Pelagodroma marina,calcamar,0,3,/wiki/calcamar,,midias.php?tm=f&t=s&s=10128
,Hydrobatidae,Hydrobates leucorhous,painho-de-cauda-furcada,0,23,/wiki/painho-de-cauda-furcada,,midias.php?tm=f&t=s&s=10130
,Procellariidae,Macronectes giganteus,petrel-grande,0,523,/wiki/petrel-grande,,midias.php?tm=f&t=s&s=10097
,Procellariidae,Macronectes halli,petrel-grande-do-norte,0,132,/wiki/petrel-grande-do-norte,,midias.php?tm=f&t=s&s=10098
,Procellariidae,Fulmarus glacialoides,pardelão-prateado,0,87,/wiki/pardelao-prateado,,midias.php?tm=f&t=s&s=10099
,Procellariidae,Daption capense,pomba-do-cabo,0,84,/wiki/pomba-do-cabo,,midias.php?tm=f&t=s&s=10100
,Procellariidae,Lugensa brevirostris,grazina-de-bico-curto,0,3,/wiki/grazina-de-bico-curto,,midias.php?tm=f&t=s&s=10101
11893,Procellariidae,Pterodroma madeira,grazina-da-madeira,1,5,/wiki/grazina-da-madeira,midias.php?tm=s&t=s&s=11893,midias.php?tm=f&t=s&s=11893
,Procellariidae,Pterodroma deserta,grazina-de-desertas,0,10,/wiki/grazina-de-desertas,,midias.php?tm=f&t=s&s=11894
,Procellariidae,Pterodroma mollis,grazina-delicada,0,38,/wiki/grazina-delicada,,midias.php?tm=f&t=s&s=10102
,Procellariidae,Pterodroma externa,grazina-de-juan-fernandez,0,2,/wiki/grazina-de-juan-fernandez,,midias.php?tm=f&t=s&s=12085
,Procellariidae,Pterodroma incerta,grazina-de-barriga-branca,0,40,/wiki/grazina-de-barriga-branca,,midias.php?tm=f&t=s&s=10104
,Procellariidae,Pterodroma lessonii,grazina-de-cabeça-branca,0,2,/wiki/grazina-de-cabeca-branca,,midias.php?tm=f&t=s&s=10105
,Procellariidae,Pterodroma macroptera,fura-bucho-de-cara-cinza,0,12,/wiki/fura-bucho-de-cara-cinza,,midias.php?tm=f&t=s&s=10107
10108,Procellariidae,Pterodroma arminjoniana,grazina-de-trindade,1,39,/wiki/grazina-de-trindade,midias.php?tm=s&t=s&s=10108,midias.php?tm=f&t=s&s=10108
,Procellariidae,Halobaena caerulea,petrel-azul,0,10,/wiki/petrel-azul,,midias.php?tm=f&t=s&s=10109
,Procellariidae,Pachyptila vittata,faigão-de-bico-largo,0,5,/wiki/faigao-de-bico-largo,,midias.php?tm=f&t=s&s=10110
,Procellariidae,Pachyptila desolata,faigão-rola,0,21,/wiki/faigao-rola,,midias.php?tm=f&t=s&s=10111
,Procellariidae,Pachyptila belcheri,faigão-de-bico-fino,0,19,/wiki/faigao-de-bico-fino,,midias.php?tm=f&t=s&s=10112
,Procellariidae,Bulweria bulwerii,alma-negra,0,26,/wiki/alma-negra,,midias.php?tm=f&t=s&s=10113
,Procellariidae,Procellaria cinerea,pardela-cinza,0,3,/wiki/pardela-cinza,,midias.php?tm=f&t=s&s=10114
10115,Procellariidae,Procellaria aequinoctialis,pardela-preta,6,569,/wiki/pardela-preta,midias.php?tm=s&t=s&s=10115,midias.php?tm=f&t=s&s=10115
,Procellariidae,Procellaria conspicillata,pardela-de-óculos,0,111,/wiki/pardela-de-oculos,,midias.php?tm=f&t=s&s=10116
,Procellariidae,Calonectris diomedea,cagarra-do-mediterrâneo,0,18,/wiki/cagarra-do-mediterraneo,,midias.php?tm=f&t=s&s=12023
,Procellariidae,Calonectris borealis,cagarra-grande,0,217,/wiki/cagarra-grande,,midias.php?tm=f&t=s&s=10117
,Procellariidae,Calonectris edwardsii,cagarra-de-cabo-verde,0,32,/wiki/cagarra-de-cabo-verde,,midias.php?tm=f&t=s&s=10118
,Procellariidae,Ardenna tenuirostris,pardela-de-cauda-curta,0,6,/wiki/pardela-de-cauda-curta,,midias.php?tm=f&t=s&s=10120
,Procellariidae,Ardenna grisea,pardela-escura,0,224,/wiki/pardela-escura,,midias.php?tm=f&t=s&s=10119
10121,Procellariidae,Ardenna gravis,pardela-de-barrete,4,346,/wiki/pardela-de-barrete,midias.php?tm=s&t=s&s=10121,midias.php?tm=f&t=s&s=10121
,Procellariidae,Puffinus puffinus,pardela-sombria,0,499,/wiki/pardela-sombria,,midias.php?tm=f&t=s&s=10122
,Procellariidae,Puffinus boydi,pardela-de-cabo-verde,0,1,/wiki/pardela-de-cabo-verde,,midias.php?tm=f&t=s&s=12024
10124,Procellariidae,Puffinus lherminieri,pardela-de-asa-larga,1,8,/wiki/pardela-de-asa-larga,midias.php?tm=s&t=s&s=10124,midias.php?tm=f&t=s&s=10124
,Procellariidae,Pelecanoides magellani,petrel-mergulhador,0,9,/wiki/petrel-mergulhador,,midias.php?tm=f&t=s&s=10131
10181,Ciconiidae,Ciconia maguari,maguari,4,5977,/wiki/maguari,midias.php?tm=s&t=s&s=10181,midias.php?tm=f&t=s&s=10181
10182,Ciconiidae,Jabiru mycteria,tuiuiú,49,8718,/wiki/tuiuiu,midias.php?tm=s&t=s&s=10182,midias.php?tm=f&t=s&s=10182
10183,Ciconiidae,Mycteria americana,cabeça-seca,15,12282,/wiki/cabeca-seca,midias.php?tm=s&t=s&s=10183,midias.php?tm=f&t=s&s=10183
,Fregatidae,Fregata trinitatis,fragata-pequena,0,5,/wiki/fragata-pequena,,midias.php?tm=f&t=s&s=10146
,Fregatidae,Fregata aquila,fragata-de-ascensão,0,3,/wiki/fragata-de-ascensao,,midias.php?tm=f&t=s&s=12025
10144,Fregatidae,Fregata magnificens,fragata,18,10800,/wiki/fragata,midias.php?tm=s&t=s&s=10144,midias.php?tm=f&t=s&s=10144
,Fregatidae,Fregata minor,fragata-grande,0,55,/wiki/fragata-grande,,midias.php?tm=f&t=s&s=10145
12026,Sulidae,Morus bassanus,atobá-boreal,1,37,/wiki/atoba-boreal,midias.php?tm=s&t=s&s=12026,midias.php?tm=f&t=s&s=12026
,Sulidae,Morus capensis,atobá-do-cabo,0,14,/wiki/atoba-do-cabo,,midias.php?tm=f&t=s&s=10136
,Sulidae,Morus serrator,atobá-australiano,0,25,/wiki/atoba-australiano,,midias.php?tm=f&t=s&s=10137
10138,Sulidae,Sula dactylatra,atobá-grande,7,826,/wiki/atoba-grande,midias.php?tm=s&t=s&s=10138,midias.php?tm=f&t=s&s=10138
10139,Sulidae,Sula sula,atobá-de-pé-vermelho,7,1023,/wiki/atoba-de-pe-vermelho,midias.php?tm=s&t=s&s=10139,midias.php?tm=f&t=s&s=10139
10140,Sulidae,Sula leucogaster,atobá-pardo,18,5500,/wiki/atoba-pardo,midias.php?tm=s&t=s&s=10140,midias.php?tm=f&t=s&s=10140
10143,Anhingidae,Anhinga anhinga,biguatinga,69,11378,/wiki/biguatinga,midias.php?tm=s&t=s&s=10143,midias.php?tm=f&t=s&s=10143
10141,Phalacrocoracidae,Nannopterum brasilianum,biguá,191,22840,/wiki/bigua,midias.php?tm=s&t=s&s=10141,midias.php?tm=f&t=s&s=10141
,Pelecanidae,Pelecanus occidentalis,pelicano,0,680,/wiki/pelicano,,midias.php?tm=f&t=s&s=10135
,Apodidae,Cypseloides lemosi,taperuçu-de-peito-branco,0,1,/wiki/taperucu-de-peito-branco,,midias.php?tm=f&t=s&s=10566
10147,Ardeidae,Tigrisoma lineatum,socó-boi,135,13943,/wiki/soco-boi,midias.php?tm=s&t=s&s=10147,midias.php?tm=f&t=s&s=10147
,Ardeidae,Tigrisoma fasciatum,socó-jararaca,0,1209,/wiki/soco-jararaca,,midias.php?tm=f&t=s&s=10148
10149,Ardeidae,Agamia agami,garça-da-mata,6,862,/wiki/garca-da-mata,midias.php?tm=s&t=s&s=10149,midias.php?tm=f&t=s&s=10149
10150,Ardeidae,Cochlearius cochlearius,arapapá,29,1856,/wiki/arapapa,midias.php?tm=s&t=s&s=10150,midias.php?tm=f&t=s&s=10150
10151,Ardeidae,Zebrilus undulatus,socoí-zigue-zague,32,267,/wiki/socoi-zigue-zague,midias.php?tm=s&t=s&s=10151,midias.php?tm=f&t=s&s=10151
10152,Ardeidae,Botaurus pinnatus,socó-boi-baio,36,2119,/wiki/soco-boi-baio,midias.php?tm=s&t=s&s=10152,midias.php?tm=f&t=s&s=10152
10153,Ardeidae,Ixobrychus exilis,socoí-vermelho,146,1098,/wiki/socoi-vermelho,midias.php?tm=s&t=s&s=10153,midias.php?tm=f&t=s&s=10153
10154,Ardeidae,Ixobrychus involucris,socoí-amarelo,42,696,/wiki/socoi-amarelo,midias.php?tm=s&t=s&s=10154,midias.php?tm=f&t=s&s=10154
10155,Ardeidae,Nycticorax nycticorax,socó-dorminhoco,227,20369,/wiki/soco-dorminhoco,midias.php?tm=s&t=s&s=10155,midias.php?tm=f&t=s&s=10155
10156,Ardeidae,Nyctanassa violacea,savacu-de-coroa,58,5328,/wiki/savacu-de-coroa,midias.php?tm=s&t=s&s=10156,midias.php?tm=f&t=s&s=10156
10157,Ardeidae,Butorides striata,socozinho,285,23676,/wiki/socozinho,midias.php?tm=s&t=s&s=10157,midias.php?tm=f&t=s&s=10157
10158,Ardeidae,Ardeola ralloides,garça-caranguejeira,5,500,/wiki/garca-caranguejeira,midias.php?tm=s&t=s&s=10158,midias.php?tm=f&t=s&s=10158
10159,Ardeidae,Bubulcus ibis,garça-vaqueira,137,15501,/wiki/garca-vaqueira,midias.php?tm=s&t=s&s=10159,midias.php?tm=f&t=s&s=10159
10160,Ardeidae,Ardea cinerea,garça-moura-europeia,6,404,/wiki/garca-moura-europeia,midias.php?tm=s&t=s&s=10160,midias.php?tm=f&t=s&s=10160
10162,Ardeidae,Ardea cocoi,garça-moura,121,18819,/wiki/garca-moura,midias.php?tm=s&t=s&s=10162,midias.php?tm=f&t=s&s=10162
10163,Ardeidae,Ardea purpurea,garça-roxa,4,97,/wiki/garca-roxa,midias.php?tm=s&t=s&s=10163,midias.php?tm=f&t=s&s=10163
10164,Ardeidae,Ardea alba,garça-branca-grande,291,28303,/wiki/garca-branca-grande,midias.php?tm=s&t=s&s=10164,midias.php?tm=f&t=s&s=10164
10165,Ardeidae,Syrigma sibilatrix,maria-faceira,248,16578,/wiki/maria-faceira,midias.php?tm=s&t=s&s=10165,midias.php?tm=f&t=s&s=10165
10166,Ardeidae,Pilherodius pileatus,garça-real,12,5261,/wiki/garca-real,midias.php?tm=s&t=s&s=10166,midias.php?tm=f&t=s&s=10166
10167,Ardeidae,Egretta tricolor,garça-tricolor,3,820,/wiki/garca-tricolor,midias.php?tm=s&t=s&s=10167,midias.php?tm=f&t=s&s=10167
10168,Ardeidae,Egretta gularis,garça-negra,1,152,/wiki/garca-negra,midias.php?tm=s&t=s&s=10168,midias.php?tm=f&t=s&s=10168
10169,Ardeidae,Egretta garzetta,garça-pequena-europeia,3,197,/wiki/garca-pequena-europeia,midias.php?tm=s&t=s&s=10169,midias.php?tm=f&t=s&s=10169
10170,Ardeidae,Egretta thula,garça-branca-pequena,119,20768,/wiki/garca-branca-pequena,midias.php?tm=s&t=s&s=10170,midias.php?tm=f&t=s&s=10170
10171,Ardeidae,Egretta caerulea,garça-azul,51,11796,/wiki/garca-azul,midias.php?tm=s&t=s&s=10171,midias.php?tm=f&t=s&s=10171
10172,Threskiornithidae,Eudocimus ruber,guará,8,5383,/wiki/guara,midias.php?tm=s&t=s&s=10172,midias.php?tm=f&t=s&s=10172
10173,Threskiornithidae,Plegadis chihi,caraúna,71,6222,/wiki/carauna,midias.php?tm=s&t=s&s=10173,midias.php?tm=f&t=s&s=10173
10174,Threskiornithidae,Cercibis oxycerca,trombeteiro,23,269,/wiki/trombeteiro,midias.php?tm=s&t=s&s=10174,midias.php?tm=f&t=s&s=10174
10175,Threskiornithidae,Mesembrinibis cayennensis,coró-coró,535,9421,/wiki/coro-coro,midias.php?tm=s&t=s&s=10175,midias.php?tm=f&t=s&s=10175
10176,Threskiornithidae,Phimosus infuscatus,tapicuru,144,17062,/wiki/tapicuru,midias.php?tm=s&t=s&s=10176,midias.php?tm=f&t=s&s=10176
10177,Threskiornithidae,Theristicus caerulescens,curicaca-real,116,3755,/wiki/curicaca-real,midias.php?tm=s&t=s&s=10177,midias.php?tm=f&t=s&s=10177
10178,Threskiornithidae,Theristicus caudatus,curicaca,640,17993,/wiki/curicaca,midias.php?tm=s&t=s&s=10178,midias.php?tm=f&t=s&s=10178
,Threskiornithidae,Platalea leucorodia,colhereiro-europeu,0,75,/wiki/colhereiro-europeu,,midias.php?tm=f&t=s&s=10179
10180,Threskiornithidae,Platalea ajaja,colhereiro,44,13417,/wiki/colhereiro,midias.php?tm=s&t=s&s=10180,midias.php?tm=f&t=s&s=10180
10192,Cathartidae,Sarcoramphus papa,urubu-rei,7,8051,/wiki/urubu-rei,midias.php?tm=s&t=s&s=10192,midias.php?tm=f&t=s&s=10192
10191,Cathartidae,Coragyps atratus,urubu-preto,165,23519,/wiki/urubu-preto,midias.php?tm=s&t=s&s=10191,midias.php?tm=f&t=s&s=10191
10188,Cathartidae,Cathartes aura,urubu-de-cabeça-vermelha,16,18091,/wiki/urubu-de-cabeca-vermelha,midias.php?tm=s&t=s&s=10188,midias.php?tm=f&t=s&s=10188
10189,Cathartidae,Cathartes burrovianus,urubu-de-cabeça-amarela,7,12524,/wiki/urubu-de-cabeca-amarela,midias.php?tm=s&t=s&s=10189,midias.php?tm=f&t=s&s=10189
10190,Cathartidae,Cathartes melambrotus,urubu-da-mata,1,2422,/wiki/urubu-da-mata,midias.php?tm=s&t=s&s=10190,midias.php?tm=f&t=s&s=10190
10194,Pandionidae,Pandion haliaetus,águia-pescadora,52,6634,/wiki/aguia-pescadora,midias.php?tm=s&t=s&s=10194,midias.php?tm=f&t=s&s=10194
10199,Accipitridae,Gampsonyx swainsonii,gaviãozinho,101,4796,/wiki/gaviaozinho,midias.php?tm=s&t=s&s=10199,midias.php?tm=f&t=s&s=10199
10200,Accipitridae,Elanus leucurus,gavião-peneira,68,7162,/wiki/gaviao-peneira,midias.php?tm=s&t=s&s=10200,midias.php?tm=f&t=s&s=10200
10197,Accipitridae,Chondrohierax uncinatus,gavião-caracoleiro,45,3728,/wiki/gaviao-caracoleiro,midias.php?tm=s&t=s&s=10197,midias.php?tm=f&t=s&s=10197
10195,Accipitridae,Leptodon cayanensis,gavião-gato,240,5749,/wiki/gaviao-gato,midias.php?tm=s&t=s&s=10195,midias.php?tm=f&t=s&s=10195
10196,Accipitridae,Leptodon forbesi,gavião-gato-do-nordeste,34,393,/wiki/gaviao-gato-do-nordeste,midias.php?tm=s&t=s&s=10196,midias.php?tm=f&t=s&s=10196
10198,Accipitridae,Elanoides forficatus,gavião-tesoura,123,7972,/wiki/gaviao-tesoura,midias.php?tm=s&t=s&s=10198,midias.php?tm=f&t=s&s=10198
10237,Accipitridae,Morphnus guianensis,uiraçu,14,589,/wiki/uiracu,midias.php?tm=s&t=s&s=10237,midias.php?tm=f&t=s&s=10237
10238,Accipitridae,Harpia harpyja,gavião-real,79,2303,/wiki/gaviao-real,midias.php?tm=s&t=s&s=10238,midias.php?tm=f&t=s&s=10238
10239,Accipitridae,Spizaetus tyrannus,gavião-pega-macaco,468,6480,/wiki/gaviao-pega-macaco,midias.php?tm=s&t=s&s=10239,midias.php?tm=f&t=s&s=10239
10240,Accipitridae,Spizaetus melanoleucus,gavião-pato,67,3443,/wiki/gaviao-pato,midias.php?tm=s&t=s&s=10240,midias.php?tm=f&t=s&s=10240
10241,Accipitridae,Spizaetus ornatus,gavião-de-penacho,216,2849,/wiki/gaviao-de-penacho,midias.php?tm=s&t=s&s=10241,midias.php?tm=f&t=s&s=10241
10225,Accipitridae,Busarellus nigricollis,gavião-belo,126,5944,/wiki/gaviao-belo,midias.php?tm=s&t=s&s=10225,midias.php?tm=f&t=s&s=10225
10201,Accipitridae,Rostrhamus sociabilis,gavião-caramujeiro,297,19424,/wiki/gaviao-caramujeiro,midias.php?tm=s&t=s&s=10201,midias.php?tm=f&t=s&s=10201
10202,Accipitridae,Helicolestes hamatus,gavião-do-igapó,32,511,/wiki/gaviao-do-igapo,midias.php?tm=s&t=s&s=10202,midias.php?tm=f&t=s&s=10202
10203,Accipitridae,Harpagus bidentatus,gavião-ripina,34,1469,/wiki/gaviao-ripina,midias.php?tm=s&t=s&s=10203,midias.php?tm=f&t=s&s=10203
10204,Accipitridae,Harpagus diodon,gavião-bombachinha,84,5118,/wiki/gaviao-bombachinha,midias.php?tm=s&t=s&s=10204,midias.php?tm=f&t=s&s=10204
10205,Accipitridae,Ictinia mississippiensis,sovi-do-norte,3,292,/wiki/sovi-do-norte,midias.php?tm=s&t=s&s=10205,midias.php?tm=f&t=s&s=10205
10206,Accipitridae,Ictinia plumbea,sovi,165,12680,/wiki/sovi,midias.php?tm=s&t=s&s=10206,midias.php?tm=f&t=s&s=10206
10207,Accipitridae,Circus cinereus,gavião-cinza,4,737,/wiki/gaviao-cinza,midias.php?tm=s&t=s&s=10207,midias.php?tm=f&t=s&s=10207
10208,Accipitridae,Circus buffoni,gavião-do-banhado,70,6778,/wiki/gaviao-do-banhado,midias.php?tm=s&t=s&s=10208,midias.php?tm=f&t=s&s=10208
10210,Accipitridae,Hieraspiza superciliosa,tauató-passarinho,11,631,/wiki/tauato-passarinho,midias.php?tm=s&t=s&s=10210,midias.php?tm=f&t=s&s=10210
10209,Accipitridae,Accipiter poliogaster,tauató-pintado,53,602,/wiki/tauato-pintado,midias.php?tm=s&t=s&s=10209,midias.php?tm=f&t=s&s=10209
10211,Accipitridae,Accipiter striatus,tauató-miúdo,157,4194,/wiki/tauato-miudo,midias.php?tm=s&t=s&s=10211,midias.php?tm=f&t=s&s=10211
10212,Accipitridae,Accipiter bicolor,gavião-bombachinha-grande,174,2732,/wiki/gaviao-bombachinha-grande,midias.php?tm=s&t=s&s=10212,midias.php?tm=f&t=s&s=10212
11971,Accipitridae,Milvus migrans,milhafre-preto,8,188,/wiki/milhafre-preto,midias.php?tm=s&t=s&s=11971,midias.php?tm=f&t=s&s=11971
10213,Accipitridae,Geranospiza caerulescens,gavião-pernilongo,322,7127,/wiki/gaviao-pernilongo,midias.php?tm=s&t=s&s=10213,midias.php?tm=f&t=s&s=10213
10214,Accipitridae,Buteogallus schistaceus,gavião-azul,63,786,/wiki/gaviao-azul,midias.php?tm=s&t=s&s=10214,midias.php?tm=f&t=s&s=10214
10221,Accipitridae,Buteogallus aequinoctialis,gavião-caranguejeiro,38,989,/wiki/gaviao-caranguejeiro,midias.php?tm=s&t=s&s=10221,midias.php?tm=f&t=s&s=10221
10223,Accipitridae,Heterospizias meridionalis,gavião-caboclo,306,23025,/wiki/gaviao-caboclo,midias.php?tm=s&t=s&s=10223,midias.php?tm=f&t=s&s=10223
10217,Accipitridae,Amadonastur lacernulatus,gavião-pombo-pequeno,20,2384,/wiki/gaviao-pombo-pequeno,midias.php?tm=s&t=s&s=10217,midias.php?tm=f&t=s&s=10217
10222,Accipitridae,Urubitinga urubitinga,gavião-preto,288,7791,/wiki/gaviao-preto,midias.php?tm=s&t=s&s=10222,midias.php?tm=f&t=s&s=10222
,Accipitridae,Urubitinga solitaria,águia-solitária,0,26,/wiki/aguia-solitaria,,midias.php?tm=f&t=s&s=12027
10224,Accipitridae,Urubitinga coronata,águia-cinzenta,136,2967,/wiki/aguia-cinzenta,midias.php?tm=s&t=s&s=10224,midias.php?tm=f&t=s&s=10224
10228,Accipitridae,Rupornis magnirostris,gavião-carijó,1453,39354,/wiki/gaviao-carijo,midias.php?tm=s&t=s&s=10228,midias.php?tm=f&t=s&s=10228
10226,Accipitridae,Parabuteo unicinctus,gavião-asa-de-telha,83,4051,/wiki/gaviao-asa-de-telha,midias.php?tm=s&t=s&s=10226,midias.php?tm=f&t=s&s=10226
10227,Accipitridae,Parabuteo leucorrhous,gavião-de-sobre-branco,67,834,/wiki/gaviao-de-sobre-branco,midias.php?tm=s&t=s&s=10227,midias.php?tm=f&t=s&s=10227
10229,Accipitridae,Geranoaetus albicaudatus,gavião-de-rabo-branco,190,19453,/wiki/gaviao-de-rabo-branco,midias.php?tm=s&t=s&s=10229,midias.php?tm=f&t=s&s=10229
10231,Accipitridae,Geranoaetus melanoleucus,águia-serrana,89,5313,/wiki/aguia-serrana,midias.php?tm=s&t=s&s=10231,midias.php?tm=f&t=s&s=10231
10218,Accipitridae,Pseudastur albicollis,gavião-branco,21,1526,/wiki/gaviao-branco,midias.php?tm=s&t=s&s=10218,midias.php?tm=f&t=s&s=10218
10219,Accipitridae,Pseudastur polionotus,gavião-pombo-grande,58,2000,/wiki/gaviao-pombo-grande,midias.php?tm=s&t=s&s=10219,midias.php?tm=f&t=s&s=10219
10215,Accipitridae,Leucopternis melanops,gavião-de-cara-preta,57,402,/wiki/gaviao-de-cara-preta,midias.php?tm=s&t=s&s=10215,midias.php?tm=f&t=s&s=10215
10216,Accipitridae,Leucopternis kuhli,gavião-vaqueiro,38,338,/wiki/gaviao-vaqueiro,midias.php?tm=s&t=s&s=10216,midias.php?tm=f&t=s&s=10216
10232,Accipitridae,Buteo nitidus,gavião-pedrês,289,4001,/wiki/gaviao-pedres,midias.php?tm=s&t=s&s=10232,midias.php?tm=f&t=s&s=10232
10233,Accipitridae,Buteo platypterus,gavião-de-asa-larga,14,462,/wiki/gaviao-de-asa-larga,midias.php?tm=s&t=s&s=10233,midias.php?tm=f&t=s&s=10233
10235,Accipitridae,Buteo brachyurus,gavião-de-cauda-curta,239,11357,/wiki/gaviao-de-cauda-curta,midias.php?tm=s&t=s&s=10235,midias.php?tm=f&t=s&s=10235
10234,Accipitridae,Buteo swainsoni,gavião-papa-gafanhoto,2,306,/wiki/gaviao-papa-gafanhoto,midias.php?tm=s&t=s&s=10234,midias.php?tm=f&t=s&s=10234
10236,Accipitridae,Buteo albonotatus,gavião-urubu,39,2948,/wiki/gaviao-urubu,midias.php?tm=s&t=s&s=10236,midias.php?tm=f&t=s&s=10236
10512,Tytonidae,Tyto furcata,suindara,472,6596,/wiki/suindara,midias.php?tm=s&t=s&s=10512,midias.php?tm=f&t=s&s=10512
10513,Strigidae,Megascops choliba,corujinha-do-mato,1366,11690,/wiki/corujinha-do-mato,midias.php?tm=s&t=s&s=10513,midias.php?tm=f&t=s&s=10513
10518,Strigidae,Megascops roraimae,corujinha-de-roraima,9,23,/wiki/corujinha-de-roraima,midias.php?tm=s&t=s&s=10518,midias.php?tm=f&t=s&s=10518
10517,Strigidae,Megascops sanctaecatarinae,corujinha-do-sul,347,1805,/wiki/corujinha-do-sul,midias.php?tm=s&t=s&s=10517,midias.php?tm=f&t=s&s=10517
10514,Strigidae,Megascops watsonii,corujinha-das-guianas,45,326,/wiki/corujinha-das-guianas,midias.php?tm=s&t=s&s=10514,midias.php?tm=f&t=s&s=10514
10515,Strigidae,Megascops usta,corujinha-relógio,175,489,/wiki/corujinha-relogio,midias.php?tm=s&t=s&s=10515,midias.php?tm=f&t=s&s=10515
12028,Strigidae,Megascops stangiae,corujinha-do-xingu,32,131,/wiki/corujinha-do-xingu,midias.php?tm=s&t=s&s=12028,midias.php?tm=f&t=s&s=12028
12029,Strigidae,Megascops ater,corujinha-de-belém,20,67,/wiki/corujinha-de-belem,midias.php?tm=s&t=s&s=12029,midias.php?tm=f&t=s&s=12029
12030,Strigidae,Megascops alagoensis,corujinha-de-alagoas,16,40,/wiki/corujinha-de-alagoas,midias.php?tm=s&t=s&s=12030,midias.php?tm=f&t=s&s=12030
10516,Strigidae,Megascops atricapilla,corujinha-sapo,334,1500,/wiki/corujinha-sapo,midias.php?tm=s&t=s&s=10516,midias.php?tm=f&t=s&s=10516
10519,Strigidae,Lophostrix cristata,coruja-de-crista,142,622,/wiki/coruja-de-crista,midias.php?tm=s&t=s&s=10519,midias.php?tm=f&t=s&s=10519
10520,Strigidae,Pulsatrix perspicillata,murucututu,277,1752,/wiki/murucututu,midias.php?tm=s&t=s&s=10520,midias.php?tm=f&t=s&s=10520
10521,Strigidae,Pulsatrix koeniswaldiana,murucututu-de-barriga-amarela,574,5082,/wiki/murucututu-de-barriga-amarela,midias.php?tm=s&t=s&s=10521,midias.php?tm=f&t=s&s=10521
10522,Strigidae,Bubo virginianus,jacurutu,396,6472,/wiki/jacurutu,midias.php?tm=s&t=s&s=10522,midias.php?tm=f&t=s&s=10522
10523,Strigidae,Strix hylophila,coruja-listrada,490,2938,/wiki/coruja-listrada,midias.php?tm=s&t=s&s=10523,midias.php?tm=f&t=s&s=10523
10524,Strigidae,Strix virgata,coruja-do-mato,599,2033,/wiki/coruja-do-mato,midias.php?tm=s&t=s&s=10524,midias.php?tm=f&t=s&s=10524
10525,Strigidae,Strix huhula,coruja-preta,375,2023,/wiki/coruja-preta,midias.php?tm=s&t=s&s=10525,midias.php?tm=f&t=s&s=10525
10526,Strigidae,Glaucidium hardyi,caburé-da-amazônia,216,894,/wiki/cabure-da-amazonia,midias.php?tm=s&t=s&s=10526,midias.php?tm=f&t=s&s=10526
10528,Strigidae,Glaucidium minutissimum,caburé-miudinho,399,1743,/wiki/cabure-miudinho,midias.php?tm=s&t=s&s=10528,midias.php?tm=f&t=s&s=10528
10529,Strigidae,Glaucidium brasilianum,caburé,1184,10287,/wiki/cabure,midias.php?tm=s&t=s&s=10529,midias.php?tm=f&t=s&s=10529
10530,Strigidae,Athene cunicularia,coruja-buraqueira,578,34258,/wiki/coruja-buraqueira,midias.php?tm=s&t=s&s=10530,midias.php?tm=f&t=s&s=10530
10531,Strigidae,Aegolius harrisii,caburé-acanelado,343,1338,/wiki/cabure-acanelado,midias.php?tm=s&t=s&s=10531,midias.php?tm=f&t=s&s=10531
10532,Strigidae,Asio clamator,coruja-orelhuda,674,5052,/wiki/coruja-orelhuda,midias.php?tm=s&t=s&s=10532,midias.php?tm=f&t=s&s=10532
10533,Strigidae,Asio stygius,mocho-diabo,189,3242,/wiki/mocho-diabo,midias.php?tm=s&t=s&s=10533,midias.php?tm=f&t=s&s=10533
10534,Strigidae,Asio flammeus,mocho-dos-banhados,70,3340,/wiki/mocho-dos-banhados,midias.php?tm=s&t=s&s=10534,midias.php?tm=f&t=s&s=10534
10673,Trogonidae,Pharomachrus pavoninus,quetzal-pavão,68,294,/wiki/quetzal-pavao,midias.php?tm=s&t=s&s=10673,midias.php?tm=f&t=s&s=10673
10672,Trogonidae,Trogon melanurus,surucuá-de-cauda-preta,182,2010,/wiki/surucua-de-cauda-preta,midias.php?tm=s&t=s&s=10672,midias.php?tm=f&t=s&s=10672
10665,Trogonidae,Trogon viridis,surucuá-de-barriga-amarela,525,9396,/wiki/surucua-de-barriga-amarela,midias.php?tm=s&t=s&s=10665,midias.php?tm=f&t=s&s=10665
11805,Trogonidae,Trogon ramonianus,surucuá-pequeno,75,738,/wiki/surucua-pequeno,midias.php?tm=s&t=s&s=11805,midias.php?tm=f&t=s&s=11805
10666,Trogonidae,Trogon surrucura,surucuá-variado,1046,19540,/wiki/surucua-variado,midias.php?tm=s&t=s&s=10666,midias.php?tm=f&t=s&s=10666
10668,Trogonidae,Trogon violaceus,surucuá-violáceo,66,615,/wiki/surucua-violaceo,midias.php?tm=s&t=s&s=10668,midias.php?tm=f&t=s&s=10668
10667,Trogonidae,Trogon curucui,surucuá-de-barriga-vermelha,290,5567,/wiki/surucua-de-barriga-vermelha,midias.php?tm=s&t=s&s=10667,midias.php?tm=f&t=s&s=10667
10671,Trogonidae,Trogon rufus,surucuá-dourado-da-amazônia,51,378,/wiki/surucua-dourado-da-amazonia,midias.php?tm=s&t=s&s=10671,midias.php?tm=f&t=s&s=10671
12031,Trogonidae,Trogon muriciensis,surucuá-de-murici,11,12,/wiki/surucua-de-murici,midias.php?tm=s&t=s&s=12031,midias.php?tm=f&t=s&s=12031
12032,Trogonidae,Trogon chrysochloros,surucuá-dourado,320,4894,/wiki/surucua-dourado,midias.php?tm=s&t=s&s=12032,midias.php?tm=f&t=s&s=12032
10669,Trogonidae,Trogon collaris,surucuá-de-coleira,97,916,/wiki/surucua-de-coleira,midias.php?tm=s&t=s&s=10669,midias.php?tm=f&t=s&s=10669
10670,Trogonidae,Trogon personatus,surucuá-mascarado,6,170,/wiki/surucua-mascarado,midias.php?tm=s&t=s&s=10670,midias.php?tm=f&t=s&s=10670
10679,Momotidae,Electron platyrhynchum,udu-de-bico-largo,90,612,/wiki/udu-de-bico-largo,midias.php?tm=s&t=s&s=10679,midias.php?tm=f&t=s&s=10679
10680,Momotidae,Baryphthengus martii,juruva-ruiva,33,211,/wiki/juruva-ruiva,midias.php?tm=s&t=s&s=10680,midias.php?tm=f&t=s&s=10680
10681,Momotidae,Baryphthengus ruficapillus,juruva,749,5636,/wiki/juruva,midias.php?tm=s&t=s&s=10681,midias.php?tm=f&t=s&s=10681
10682,Momotidae,Momotus momota,udu-de-coroa-azul,302,5728,/wiki/udu-de-coroa-azul,midias.php?tm=s&t=s&s=10682,midias.php?tm=f&t=s&s=10682
10674,Alcedinidae,Megaceryle torquata,martim-pescador-grande,604,15212,/wiki/martim-pescador-grande,midias.php?tm=s&t=s&s=10674,midias.php?tm=f&t=s&s=10674
10675,Alcedinidae,Chloroceryle amazona,martim-pescador-verde,283,15026,/wiki/martim-pescador-verde,midias.php?tm=s&t=s&s=10675,midias.php?tm=f&t=s&s=10675
10676,Alcedinidae,Chloroceryle aenea,martim-pescador-miúdo,56,1721,/wiki/martim-pescador-miudo,midias.php?tm=s&t=s&s=10676,midias.php?tm=f&t=s&s=10676
10677,Alcedinidae,Chloroceryle americana,martim-pescador-pequeno,196,13247,/wiki/martim-pescador-pequeno,midias.php?tm=s&t=s&s=10677,midias.php?tm=f&t=s&s=10677
10678,Alcedinidae,Chloroceryle inda,martim-pescador-da-mata,67,1116,/wiki/martim-pescador-da-mata,midias.php?tm=s&t=s&s=10678,midias.php?tm=f&t=s&s=10678
10683,Galbulidae,Galbalcyrhynchus leucotis,ariramba-vermelha,7,63,/wiki/ariramba-vermelha,midias.php?tm=s&t=s&s=10683,midias.php?tm=f&t=s&s=10683
10684,Galbulidae,Galbalcyrhynchus purusianus,ariramba-castanha,25,433,/wiki/ariramba-castanha,midias.php?tm=s&t=s&s=10684,midias.php?tm=f&t=s&s=10684
10685,Galbulidae,Brachygalba albogularis,agulha-de-garganta-branca,22,435,/wiki/agulha-de-garganta-branca,midias.php?tm=s&t=s&s=10685,midias.php?tm=f&t=s&s=10685
10686,Galbulidae,Brachygalba lugubris,ariramba-preta,75,2159,/wiki/ariramba-preta,midias.php?tm=s&t=s&s=10686,midias.php?tm=f&t=s&s=10686
10687,Galbulidae,Jacamaralcyon tridactyla,cuitelão,105,1793,/wiki/cuitelao,midias.php?tm=s&t=s&s=10687,midias.php?tm=f&t=s&s=10687
10688,Galbulidae,Galbula albirostris,ariramba-de-bico-amarelo,26,501,/wiki/ariramba-de-bico-amarelo,midias.php?tm=s&t=s&s=10688,midias.php?tm=f&t=s&s=10688
10689,Galbulidae,Galbula cyanicollis,ariramba-da-mata,81,1125,/wiki/ariramba-da-mata,midias.php?tm=s&t=s&s=10689,midias.php?tm=f&t=s&s=10689
10690,Galbulidae,Galbula ruficauda,ariramba-de-cauda-ruiva,719,18028,/wiki/ariramba-de-cauda-ruiva,midias.php?tm=s&t=s&s=10690,midias.php?tm=f&t=s&s=10690
10691,Galbulidae,Galbula galbula,ariramba-de-cauda-verde,56,957,/wiki/ariramba-de-cauda-verde,midias.php?tm=s&t=s&s=10691,midias.php?tm=f&t=s&s=10691
10692,Galbulidae,Galbula tombacea,ariramba-de-barba-branca,23,319,/wiki/ariramba-de-barba-branca,midias.php?tm=s&t=s&s=10692,midias.php?tm=f&t=s&s=10692
10693,Galbulidae,Galbula cyanescens,ariramba-da-capoeira,46,589,/wiki/ariramba-da-capoeira,midias.php?tm=s&t=s&s=10693,midias.php?tm=f&t=s&s=10693
10694,Galbulidae,Galbula chalcothorax,ariramba-violácea,7,27,/wiki/ariramba-violacea,midias.php?tm=s&t=s&s=10694,midias.php?tm=f&t=s&s=10694
10695,Galbulidae,Galbula leucogastra,ariramba-bronzeada,61,886,/wiki/ariramba-bronzeada,midias.php?tm=s&t=s&s=10695,midias.php?tm=f&t=s&s=10695
10696,Galbulidae,Galbula dea,ariramba-do-paraíso,90,1927,/wiki/ariramba-do-paraiso,midias.php?tm=s&t=s&s=10696,midias.php?tm=f&t=s&s=10696
10697,Galbulidae,Jacamerops aureus,jacamaraçu,108,850,/wiki/jacamaracu,midias.php?tm=s&t=s&s=10697,midias.php?tm=f&t=s&s=10697
10723,Bucconidae,Chelidoptera tenebrosa,urubuzinho,130,4867,/wiki/urubuzinho,midias.php?tm=s&t=s&s=10723,midias.php?tm=f&t=s&s=10723
10719,Bucconidae,Monasa atra,chora-chuva-de-asa-branca,80,1337,/wiki/chora-chuva-de-asa-branca,midias.php?tm=s&t=s&s=10719,midias.php?tm=f&t=s&s=10719
10721,Bucconidae,Monasa morphoeus,chora-chuva-de-cara-branca,124,1701,/wiki/chora-chuva-de-cara-branca,midias.php?tm=s&t=s&s=10721,midias.php?tm=f&t=s&s=10721
10720,Bucconidae,Monasa nigrifrons,chora-chuva-preto,381,6327,/wiki/chora-chuva-preto,midias.php?tm=s&t=s&s=10720,midias.php?tm=f&t=s&s=10720
10722,Bucconidae,Monasa flavirostris,chora-chuva-de-bico-amarelo,16,315,/wiki/chora-chuva-de-bico-amarelo,midias.php?tm=s&t=s&s=10722,midias.php?tm=f&t=s&s=10722
10717,Bucconidae,Nonnula ruficapilla,freirinha-de-coroa-castanha,33,327,/wiki/freirinha-de-coroa-castanha,midias.php?tm=s&t=s&s=10717,midias.php?tm=f&t=s&s=10717
10718,Bucconidae,Nonnula amaurocephala,freirinha-de-cabeça-castanha,6,13,/wiki/freirinha-de-cabeca-castanha,midias.php?tm=s&t=s&s=10718,midias.php?tm=f&t=s&s=10718
10716,Bucconidae,Nonnula sclateri,freirinha-amarelada,26,204,/wiki/freirinha-amarelada,midias.php?tm=s&t=s&s=10716,midias.php?tm=f&t=s&s=10716
10715,Bucconidae,Nonnula rubecula,macuru,153,1904,/wiki/macuru,midias.php?tm=s&t=s&s=10715,midias.php?tm=f&t=s&s=10715
10710,Bucconidae,Malacoptila fusca,barbudo-pardo,8,72,/wiki/barbudo-pardo,midias.php?tm=s&t=s&s=10710,midias.php?tm=f&t=s&s=10710
10711,Bucconidae,Malacoptila semicincta,barbudo-de-coleira,7,44,/wiki/barbudo-de-coleira,midias.php?tm=s&t=s&s=10711,midias.php?tm=f&t=s&s=10711
12033,Bucconidae,Malacoptila minor,barbudo-rajado-pequeno,27,207,/wiki/barbudo-rajado-pequeno,midias.php?tm=s&t=s&s=12033,midias.php?tm=f&t=s&s=12033
10712,Bucconidae,Malacoptila striata,barbudo-rajado,353,7462,/wiki/barbudo-rajado,midias.php?tm=s&t=s&s=10712,midias.php?tm=f&t=s&s=10712
10713,Bucconidae,Malacoptila rufa,barbudo-de-pescoço-ferrugem,28,445,/wiki/barbudo-de-pescoco-ferrugem,midias.php?tm=s&t=s&s=10713,midias.php?tm=f&t=s&s=10713
10714,Bucconidae,Micromonacha lanceolata,macuru-papa-mosca,3,15,/wiki/macuru-papa-mosca,midias.php?tm=s&t=s&s=10714,midias.php?tm=f&t=s&s=10714
10702,Bucconidae,Notharchus tectus,macuru-pintado,60,1562,/wiki/macuru-pintado,midias.php?tm=s&t=s&s=10702,midias.php?tm=f&t=s&s=10702
10699,Bucconidae,Notharchus hyperrhynchus,macuru-de-testa-branca,45,1047,/wiki/macuru-de-testa-branca,midias.php?tm=s&t=s&s=10699,midias.php?tm=f&t=s&s=10699
10700,Bucconidae,Notharchus swainsoni,macuru-de-barriga-castanha,100,1773,/wiki/macuru-de-barriga-castanha,midias.php?tm=s&t=s&s=10700,midias.php?tm=f&t=s&s=10700
10698,Bucconidae,Notharchus macrorhynchos,macuru-de-pescoço-branco,12,685,/wiki/macuru-de-pescoco-branco,midias.php?tm=s&t=s&s=10698,midias.php?tm=f&t=s&s=10698
10701,Bucconidae,Notharchus ordii,macuru-de-peito-marrom,26,351,/wiki/macuru-de-peito-marrom,midias.php?tm=s&t=s&s=10701,midias.php?tm=f&t=s&s=10701
10703,Bucconidae,Cyphos macrodactylus,rapazinho-de-boné-vermelho,11,366,/wiki/rapazinho-de-bone-vermelho,midias.php?tm=s&t=s&s=10703,midias.php?tm=f&t=s&s=10703
10704,Bucconidae,Tamatia tamatia,rapazinho-carijó,82,1253,/wiki/rapazinho-carijo,midias.php?tm=s&t=s&s=10704,midias.php?tm=f&t=s&s=10704
10705,Bucconidae,Bucco capensis,rapazinho-de-colar,44,391,/wiki/rapazinho-de-colar,midias.php?tm=s&t=s&s=10705,midias.php?tm=f&t=s&s=10705
10708,Bucconidae,Nystalus maculatus,rapazinho-dos-velhos,296,5918,/wiki/rapazinho-dos-velhos,midias.php?tm=s&t=s&s=10708,midias.php?tm=f&t=s&s=10708
10709,Bucconidae,Nystalus striatipectus,rapazinho-do-chaco,49,1224,/wiki/rapazinho-do-chaco,midias.php?tm=s&t=s&s=10709,midias.php?tm=f&t=s&s=10709
11901,Bucconidae,Nystalus obamai,rapazinho-estriado-do-oeste,48,332,/wiki/rapazinho-estriado-do-oeste,midias.php?tm=s&t=s&s=11901,midias.php?tm=f&t=s&s=11901
10706,Bucconidae,Nystalus striolatus,rapazinho-estriado-de-rondônia,21,203,/wiki/rapazinho-estriado-de-rondonia,midias.php?tm=s&t=s&s=10706,midias.php?tm=f&t=s&s=10706
11902,Bucconidae,Nystalus torridus,rapazinho-estriado-do-leste,78,653,/wiki/rapazinho-estriado-do-leste,midias.php?tm=s&t=s&s=11902,midias.php?tm=f&t=s&s=11902
10707,Bucconidae,Nystalus chacuru,joão-bobo,391,10617,/wiki/joao-bobo,midias.php?tm=s&t=s&s=10707,midias.php?tm=f&t=s&s=10707
10724,Capitonidae,Capito aurovirens,capitão-de-coroa,11,167,/wiki/capitao-de-coroa,midias.php?tm=s&t=s&s=10724,midias.php?tm=f&t=s&s=10724
10725,Capitonidae,Capito dayi,capitão-de-cinta,23,777,/wiki/capitao-de-cinta,midias.php?tm=s&t=s&s=10725,midias.php?tm=f&t=s&s=10725
10726,Capitonidae,Capito brunneipectus,capitão-de-peito-marrom,12,77,/wiki/capitao-de-peito-marrom,midias.php?tm=s&t=s&s=10726,midias.php?tm=f&t=s&s=10726
10727,Capitonidae,Capito niger,capitão-de-bigode-carijó,13,705,/wiki/capitao-de-bigode-carijo,midias.php?tm=s&t=s&s=10727,midias.php?tm=f&t=s&s=10727
10728,Capitonidae,Capito auratus,capitão-de-fronte-dourada,55,850,/wiki/capitao-de-fronte-dourada,midias.php?tm=s&t=s&s=10728,midias.php?tm=f&t=s&s=10728
10729,Capitonidae,Eubucco richardsoni,capitão-de-bigode-limão,24,334,/wiki/capitao-de-bigode-limao,midias.php?tm=s&t=s&s=10729,midias.php?tm=f&t=s&s=10729
10730,Capitonidae,Eubucco tucinkae,capitão-de-colar-amarelo,5,65,/wiki/capitao-de-colar-amarelo,midias.php?tm=s&t=s&s=10730,midias.php?tm=f&t=s&s=10730
10731,Ramphastidae,Ramphastos toco,tucanuçu,639,22441,/wiki/tucanucu,midias.php?tm=s&t=s&s=10731,midias.php?tm=f&t=s&s=10731
10732,Ramphastidae,Ramphastos tucanus,tucano-de-papo-branco,378,3023,/wiki/tucano-de-papo-branco,midias.php?tm=s&t=s&s=10732,midias.php?tm=f&t=s&s=10732
10733,Ramphastidae,Ramphastos vitellinus,tucano-de-bico-preto,679,9869,/wiki/tucano-de-bico-preto,midias.php?tm=s&t=s&s=10733,midias.php?tm=f&t=s&s=10733
10734,Ramphastidae,Ramphastos dicolorus,tucano-de-bico-verde,651,15583,/wiki/tucano-de-bico-verde,midias.php?tm=s&t=s&s=10734,midias.php?tm=f&t=s&s=10734
10735,Ramphastidae,Aulacorhynchus atrogularis,tucaninho-de-nariz-amarelo,13,204,/wiki/tucaninho-de-nariz-amarelo,midias.php?tm=s&t=s&s=10735,midias.php?tm=f&t=s&s=10735
10736,Ramphastidae,Aulacorhynchus whitelianus,tucaninho-verde,3,14,/wiki/tucaninho-verde,midias.php?tm=s&t=s&s=10736,midias.php?tm=f&t=s&s=10736
10737,Ramphastidae,Selenidera piperivora,araçari-negro,46,852,/wiki/aracari-negro,midias.php?tm=s&t=s&s=10737,midias.php?tm=f&t=s&s=10737
10738,Ramphastidae,Selenidera reinwardtii,saripoca-de-coleira,37,347,/wiki/saripoca-de-coleira,midias.php?tm=s&t=s&s=10738,midias.php?tm=f&t=s&s=10738
10739,Ramphastidae,Selenidera nattereri,saripoca-de-bico-castanho,9,37,/wiki/saripoca-de-bico-castanho,midias.php?tm=s&t=s&s=10739,midias.php?tm=f&t=s&s=10739
10740,Ramphastidae,Selenidera gouldii,saripoca-de-gould,90,1097,/wiki/saripoca-de-gould,midias.php?tm=s&t=s&s=10740,midias.php?tm=f&t=s&s=10740
10741,Ramphastidae,Selenidera maculirostris,araçari-poca,158,5579,/wiki/aracari-poca,midias.php?tm=s&t=s&s=10741,midias.php?tm=f&t=s&s=10741
10742,Ramphastidae,Pteroglossus bailloni,araçari-banana,133,5280,/wiki/aracari-banana,midias.php?tm=s&t=s&s=10742,midias.php?tm=f&t=s&s=10742
10743,Ramphastidae,Pteroglossus viridis,araçari-miudinho,10,1324,/wiki/aracari-miudinho,midias.php?tm=s&t=s&s=10743,midias.php?tm=f&t=s&s=10743
10744,Ramphastidae,Pteroglossus inscriptus,araçari-de-bico-riscado,51,2540,/wiki/aracari-de-bico-riscado,midias.php?tm=s&t=s&s=10744,midias.php?tm=f&t=s&s=10744
10748,Ramphastidae,Pteroglossus aracari,araçari-de-bico-branco,182,5762,/wiki/aracari-de-bico-branco,midias.php?tm=s&t=s&s=10748,midias.php?tm=f&t=s&s=10748
10749,Ramphastidae,Pteroglossus castanotis,araçari-castanho,252,7257,/wiki/aracari-castanho,midias.php?tm=s&t=s&s=10749,midias.php?tm=f&t=s&s=10749
10750,Ramphastidae,Pteroglossus pluricinctus,araçari-de-cinta-dupla,9,185,/wiki/aracari-de-cinta-dupla,midias.php?tm=s&t=s&s=10750,midias.php?tm=f&t=s&s=10750
10746,Ramphastidae,Pteroglossus azara,araçari-de-bico-de-marfim,4,328,/wiki/aracari-de-bico-de-marfim,midias.php?tm=s&t=s&s=10746,midias.php?tm=f&t=s&s=10746
11903,Ramphastidae,Pteroglossus flavirostris,araçari-de-bico-amarelo,1,98,/wiki/aracari-de-bico-amarelo,midias.php?tm=s&t=s&s=11903,midias.php?tm=f&t=s&s=11903
10747,Ramphastidae,Pteroglossus mariae,araçari-de-bico-marrom,7,295,/wiki/aracari-de-bico-marrom,midias.php?tm=s&t=s&s=10747,midias.php?tm=f&t=s&s=10747
10751,Ramphastidae,Pteroglossus beauharnaisii,araçari-mulato,34,790,/wiki/aracari-mulato,midias.php?tm=s&t=s&s=10751,midias.php?tm=f&t=s&s=10751
10745,Ramphastidae,Pteroglossus bitorquatus,araçari-de-pescoço-vermelho,30,1324,/wiki/aracari-de-pescoco-vermelho,midias.php?tm=s&t=s&s=10745,midias.php?tm=f&t=s&s=10745
10752,Picidae,Picumnus aurifrons,picapauzinho-dourado,42,1020,/wiki/picapauzinho-dourado,midias.php?tm=s&t=s&s=10752,midias.php?tm=f&t=s&s=10752
,Picidae,Picumnus pumilus,picapauzinho-do-orinoco,0,4,/wiki/picapauzinho-do-orinoco,,midias.php?tm=f&t=s&s=10753
10754,Picidae,Picumnus lafresnayi,picapauzinho-do-amazonas,9,244,/wiki/picapauzinho-do-amazonas,midias.php?tm=s&t=s&s=10754,midias.php?tm=f&t=s&s=10754
11974,Picidae,Picumnus undulatus,picapauzinho-ondulado,19,226,/wiki/picapauzinho-ondulado,midias.php?tm=s&t=s&s=11974,midias.php?tm=f&t=s&s=11974
11975,Picidae,Picumnus buffonii,picapauzinho-de-costas-pintadas,17,696,/wiki/picapauzinho-de-costas-pintadas,midias.php?tm=s&t=s&s=11975,midias.php?tm=f&t=s&s=11975
11976,Picidae,Picumnus pernambucensis,picapauzinho-de-pernambuco,28,602,/wiki/picapauzinho-de-pernambuco,midias.php?tm=s&t=s&s=11976,midias.php?tm=f&t=s&s=11976
10755,Picidae,Picumnus exilis,picapauzinho-de-pintas-amarelas,32,455,/wiki/picapauzinho-de-pintas-amarelas,midias.php?tm=s&t=s&s=10755,midias.php?tm=f&t=s&s=10755
10756,Picidae,Picumnus spilogaster,picapauzinho-de-pescoço-branco,19,414,/wiki/picapauzinho-de-pescoco-branco,midias.php?tm=s&t=s&s=10756,midias.php?tm=f&t=s&s=10756
10765,Picidae,Picumnus limae,picapauzinho-da-caatinga,121,2073,/wiki/picapauzinho-da-caatinga,midias.php?tm=s&t=s&s=10765,midias.php?tm=f&t=s&s=10765
10757,Picidae,Picumnus pygmaeus,picapauzinho-pintado,96,1931,/wiki/picapauzinho-pintado,midias.php?tm=s&t=s&s=10757,midias.php?tm=f&t=s&s=10757
10758,Picidae,Picumnus varzeae,picapauzinho-da-várzea,13,103,/wiki/picapauzinho-da-varzea,midias.php?tm=s&t=s&s=10758,midias.php?tm=f&t=s&s=10758
10759,Picidae,Picumnus cirratus,picapauzinho-barrado,313,10703,/wiki/picapauzinho-barrado,midias.php?tm=s&t=s&s=10759,midias.php?tm=f&t=s&s=10759
10760,Picidae,Picumnus temminckii,picapauzinho-de-coleira,238,7290,/wiki/picapauzinho-de-coleira,midias.php?tm=s&t=s&s=10760,midias.php?tm=f&t=s&s=10760
10761,Picidae,Picumnus albosquamatus,picapauzinho-escamoso,236,6679,/wiki/picapauzinho-escamoso,midias.php?tm=s&t=s&s=10761,midias.php?tm=f&t=s&s=10761
10762,Picidae,Picumnus fuscus,picapauzinho-fusco,8,49,/wiki/picapauzinho-fusco,midias.php?tm=s&t=s&s=10762,midias.php?tm=f&t=s&s=10762
10763,Picidae,Picumnus rufiventris,picapauzinho-vermelho,27,191,/wiki/picapauzinho-vermelho,midias.php?tm=s&t=s&s=10763,midias.php?tm=f&t=s&s=10763
10766,Picidae,Picumnus nebulosus,picapauzinho-carijó,134,1565,/wiki/picapauzinho-carijo,midias.php?tm=s&t=s&s=10766,midias.php?tm=f&t=s&s=10766
10767,Picidae,Picumnus castelnau,picapauzinho-creme,4,39,/wiki/picapauzinho-creme,midias.php?tm=s&t=s&s=10767,midias.php?tm=f&t=s&s=10767
11824,Picidae,Picumnus subtilis,picapauzinho-de-barras-finas,13,351,/wiki/picapauzinho-de-barras-finas,midias.php?tm=s&t=s&s=11824,midias.php?tm=f&t=s&s=11824
10768,Picidae,Melanerpes candidus,pica-pau-branco,806,13832,/wiki/pica-pau-branco,midias.php?tm=s&t=s&s=10768,midias.php?tm=f&t=s&s=10768
10769,Picidae,Melanerpes cruentatus,benedito-de-testa-vermelha,198,3046,/wiki/benedito-de-testa-vermelha,midias.php?tm=s&t=s&s=10769,midias.php?tm=f&t=s&s=10769
10770,Picidae,Melanerpes flavifrons,benedito-de-testa-amarela,357,9728,/wiki/benedito-de-testa-amarela,midias.php?tm=s&t=s&s=10770,midias.php?tm=f&t=s&s=10770
10771,Picidae,Melanerpes cactorum,pica-pau-de-testa-branca,31,690,/wiki/pica-pau-de-testa-branca,midias.php?tm=s&t=s&s=10771,midias.php?tm=f&t=s&s=10771
10772,Picidae,Veniliornis kirkii,pica-pau-de-sobre-vermelho,3,17,/wiki/pica-pau-de-sobre-vermelho,midias.php?tm=s&t=s&s=10772,midias.php?tm=f&t=s&s=10772
10773,Picidae,Veniliornis cassini,pica-pau-de-colar-dourado,17,635,/wiki/pica-pau-de-colar-dourado,midias.php?tm=s&t=s&s=10773,midias.php?tm=f&t=s&s=10773
10774,Picidae,Veniliornis affinis,pica-pau-avermelhado,112,2230,/wiki/pica-pau-avermelhado,midias.php?tm=s&t=s&s=10774,midias.php?tm=f&t=s&s=10774
10775,Picidae,Veniliornis maculifrons,pica-pau-de-testa-pintada,110,3037,/wiki/pica-pau-de-testa-pintada,midias.php?tm=s&t=s&s=10775,midias.php?tm=f&t=s&s=10775
10776,Picidae,Veniliornis passerinus,pica-pau-pequeno,345,10621,/wiki/pica-pau-pequeno,midias.php?tm=s&t=s&s=10776,midias.php?tm=f&t=s&s=10776
10777,Picidae,Veniliornis spilogaster,pica-pau-verde-carijó,387,8774,/wiki/pica-pau-verde-carijo,midias.php?tm=s&t=s&s=10777,midias.php?tm=f&t=s&s=10777
10778,Picidae,Veniliornis mixtus,pica-pau-chorão,45,1291,/wiki/pica-pau-chorao,midias.php?tm=s&t=s&s=10778,midias.php?tm=f&t=s&s=10778
10798,Picidae,Campephilus rubricollis,pica-pau-de-barriga-vermelha,143,1803,/wiki/pica-pau-de-barriga-vermelha,midias.php?tm=s&t=s&s=10798,midias.php?tm=f&t=s&s=10798
10799,Picidae,Campephilus robustus,pica-pau-rei,375,6901,/wiki/pica-pau-rei,midias.php?tm=s&t=s&s=10799,midias.php?tm=f&t=s&s=10799
10800,Picidae,Campephilus melanoleucos,pica-pau-de-topete-vermelho,331,7052,/wiki/pica-pau-de-topete-vermelho,midias.php?tm=s&t=s&s=10800,midias.php?tm=f&t=s&s=10800
10801,Picidae,Campephilus leucopogon,pica-pau-de-barriga-preta,7,297,/wiki/pica-pau-de-barriga-preta,midias.php?tm=s&t=s&s=10801,midias.php?tm=f&t=s&s=10801
10797,Picidae,Dryocopus lineatus,pica-pau-de-banda-branca,850,13926,/wiki/pica-pau-de-banda-branca,midias.php?tm=s&t=s&s=10797,midias.php?tm=f&t=s&s=10797
10795,Picidae,Celeus torquatus,pica-pau-de-coleira,143,1273,/wiki/pica-pau-de-coleira,midias.php?tm=s&t=s&s=10795,midias.php?tm=f&t=s&s=10795
10796,Picidae,Celeus galeatus,pica-pau-de-cara-canela,123,764,/wiki/pica-pau-de-cara-canela,midias.php?tm=s&t=s&s=10796,midias.php?tm=f&t=s&s=10796
10787,Picidae,Celeus undatus,pica-pau-barrado,79,1090,/wiki/pica-pau-barrado,midias.php?tm=s&t=s&s=10787,midias.php?tm=f&t=s&s=10787
10792,Picidae,Celeus flavus,pica-pau-amarelo,128,1994,/wiki/pica-pau-amarelo,midias.php?tm=s&t=s&s=10792,midias.php?tm=f&t=s&s=10792
10793,Picidae,Celeus spectabilis,pica-pau-lindo,29,307,/wiki/pica-pau-lindo,midias.php?tm=s&t=s&s=10793,midias.php?tm=f&t=s&s=10793
10794,Picidae,Celeus obrieni,pica-pau-da-taboca,123,690,/wiki/pica-pau-da-taboca,midias.php?tm=s&t=s&s=10794,midias.php?tm=f&t=s&s=10794
11908,Picidae,Celeus ochraceus,pica-pau-ocráceo,222,2471,/wiki/pica-pau-ocraceo,midias.php?tm=s&t=s&s=11908,midias.php?tm=f&t=s&s=11908
10789,Picidae,Celeus elegans,pica-pau-chocolate,44,1236,/wiki/pica-pau-chocolate,midias.php?tm=s&t=s&s=10789,midias.php?tm=f&t=s&s=10789
10790,Picidae,Celeus lugubris,pica-pau-louro,47,1575,/wiki/pica-pau-louro,midias.php?tm=s&t=s&s=10790,midias.php?tm=f&t=s&s=10790
10791,Picidae,Celeus flavescens,pica-pau-de-cabeça-amarela,462,11103,/wiki/pica-pau-de-cabeca-amarela,midias.php?tm=s&t=s&s=10791,midias.php?tm=f&t=s&s=10791
10779,Picidae,Piculus leucolaemus,pica-pau-de-garganta-branca,45,486,/wiki/pica-pau-de-garganta-branca,midias.php?tm=s&t=s&s=10779,midias.php?tm=f&t=s&s=10779
10780,Picidae,Piculus flavigula,pica-pau-bufador,173,3608,/wiki/pica-pau-bufador,midias.php?tm=s&t=s&s=10780,midias.php?tm=f&t=s&s=10780
11904,Picidae,Piculus capistratus,pica-pau-de-garganta-barrada,13,228,/wiki/pica-pau-de-garganta-barrada,midias.php?tm=s&t=s&s=11904,midias.php?tm=f&t=s&s=11904
11905,Picidae,Piculus laemostictus,pica-pau-de-garganta-pintada,47,510,/wiki/pica-pau-de-garganta-pintada,midias.php?tm=s&t=s&s=11905,midias.php?tm=f&t=s&s=11905
11906,Picidae,Piculus paraensis,pica-pau-dourado-de-belém,13,87,/wiki/pica-pau-dourado-de-belem,midias.php?tm=s&t=s&s=11906,midias.php?tm=f&t=s&s=11906
10781,Picidae,Piculus chrysochloros,pica-pau-dourado-escuro,66,1991,/wiki/pica-pau-dourado-escuro,midias.php?tm=s&t=s&s=10781,midias.php?tm=f&t=s&s=10781
11907,Picidae,Piculus polyzonus,pica-pau-dourado-grande,16,204,/wiki/pica-pau-dourado-grande,midias.php?tm=s&t=s&s=11907,midias.php?tm=f&t=s&s=11907
10782,Picidae,Piculus aurulentus,pica-pau-dourado,290,4837,/wiki/pica-pau-dourado,midias.php?tm=s&t=s&s=10782,midias.php?tm=f&t=s&s=10782
10783,Picidae,Colaptes rubiginosus,pica-pau-oliváceo,6,129,/wiki/pica-pau-olivaceo,midias.php?tm=s&t=s&s=10783,midias.php?tm=f&t=s&s=10783
10784,Picidae,Colaptes punctigula,pica-pau-de-peito-pontilhado,35,1222,/wiki/pica-pau-de-peito-pontilhado,midias.php?tm=s&t=s&s=10784,midias.php?tm=f&t=s&s=10784
10785,Picidae,Colaptes melanochloros,pica-pau-verde-barrado,780,21738,/wiki/pica-pau-verde-barrado,midias.php?tm=s&t=s&s=10785,midias.php?tm=f&t=s&s=10785
10786,Picidae,Colaptes campestris,pica-pau-do-campo,676,23555,/wiki/pica-pau-do-campo,midias.php?tm=s&t=s&s=10786,midias.php?tm=f&t=s&s=10786
10301,Cariamidae,Cariama cristata,seriema,952,15676,/wiki/seriema,midias.php?tm=s&t=s&s=10301,midias.php?tm=f&t=s&s=10301
10248,Falconidae,Herpetotheres cachinnans,acauã,1256,9339,/wiki/acaua,midias.php?tm=s&t=s&s=10248,midias.php?tm=f&t=s&s=10248
10249,Falconidae,Micrastur ruficollis,falcão-caburé,947,1173,/wiki/falcao-cabure,midias.php?tm=s&t=s&s=10249,midias.php?tm=f&t=s&s=10249
10250,Falconidae,Micrastur gilvicollis,falcão-mateiro,93,123,/wiki/falcao-mateiro,midias.php?tm=s&t=s&s=10250,midias.php?tm=f&t=s&s=10250
10251,Falconidae,Micrastur mintoni,falcão-críptico,143,327,/wiki/falcao-criptico,midias.php?tm=s&t=s&s=10251,midias.php?tm=f&t=s&s=10251
10252,Falconidae,Micrastur mirandollei,tanatau,45,95,/wiki/tanatau,midias.php?tm=s&t=s&s=10252,midias.php?tm=f&t=s&s=10252
10253,Falconidae,Micrastur semitorquatus,falcão-relógio,1270,2341,/wiki/falcao-relogio,midias.php?tm=s&t=s&s=10253,midias.php?tm=f&t=s&s=10253
10254,Falconidae,Micrastur buckleyi,falcão-de-buckley,5,9,/wiki/falcao-de-buckley,midias.php?tm=s&t=s&s=10254,midias.php?tm=f&t=s&s=10254
10245,Falconidae,Caracara plancus,carcará,568,35183,/wiki/carcara,midias.php?tm=s&t=s&s=10245,midias.php?tm=f&t=s&s=10245
10243,Falconidae,Ibycter americanus,cancão,242,1720,/wiki/cancao,midias.php?tm=s&t=s&s=10243,midias.php?tm=f&t=s&s=10243
10242,Falconidae,Daptrius ater,gavião-de-anta,109,1798,/wiki/gaviao-de-anta,midias.php?tm=s&t=s&s=10242,midias.php?tm=f&t=s&s=10242
10246,Falconidae,Milvago chimachima,carrapateiro,800,28140,/wiki/carrapateiro,midias.php?tm=s&t=s&s=10246,midias.php?tm=f&t=s&s=10246
10247,Falconidae,Milvago chimango,chimango,96,7021,/wiki/chimango,midias.php?tm=s&t=s&s=10247,midias.php?tm=f&t=s&s=10247
10256,Falconidae,Falco tinnunculus,peneireiro-de-dorso-malhado,4,180,/wiki/peneireiro-de-dorso-malhado,midias.php?tm=s&t=s&s=10256,midias.php?tm=f&t=s&s=10256
10257,Falconidae,Falco sparverius,quiriquiri,187,19221,/wiki/quiriquiri,midias.php?tm=s&t=s&s=10257,midias.php?tm=f&t=s&s=10257
10258,Falconidae,Falco columbarius,esmerilhão,2,160,/wiki/esmerilhao,midias.php?tm=s&t=s&s=10258,midias.php?tm=f&t=s&s=10258
,Falconidae,Falco aesalon,esmerilhão-europeu,0,22,/wiki/esmerilhao-europeu,,midias.php?tm=f&t=s&s=11977
,Falconidae,Falco subbuteo,falcão-taperuçu,0,10,/wiki/falcao-taperucu,,midias.php?tm=f&t=s&s=12086
10259,Falconidae,Falco rufigularis,cauré,196,5792,/wiki/caure,midias.php?tm=s&t=s&s=10259,midias.php?tm=f&t=s&s=10259
10260,Falconidae,Falco deiroleucus,falcão-de-peito-laranja,37,746,/wiki/falcao-de-peito-laranja,midias.php?tm=s&t=s&s=10260,midias.php?tm=f&t=s&s=10260
10261,Falconidae,Falco femoralis,falcão-de-coleira,235,13213,/wiki/falcao-de-coleira,midias.php?tm=s&t=s&s=10261,midias.php?tm=f&t=s&s=10261
10262,Falconidae,Falco peregrinus,falcão-peregrino,125,5108,/wiki/falcao-peregrino,midias.php?tm=s&t=s&s=10262,midias.php?tm=f&t=s&s=10262
10463,Psittacidae,Touit huetii,apuim-de-asa-vermelha,22,98,/wiki/apuim-de-asa-vermelha,midias.php?tm=s&t=s&s=10463,midias.php?tm=f&t=s&s=10463
10461,Psittacidae,Touit purpuratus,apuim-de-costas-azuis,19,245,/wiki/apuim-de-costas-azuis,midias.php?tm=s&t=s&s=10461,midias.php?tm=f&t=s&s=10461
10462,Psittacidae,Touit melanonotus,apuim-de-costas-pretas,105,392,/wiki/apuim-de-costas-pretas,midias.php?tm=s&t=s&s=10462,midias.php?tm=f&t=s&s=10462
10464,Psittacidae,Touit surdus,apuim-de-cauda-amarela,88,487,/wiki/apuim-de-cauda-amarela,midias.php?tm=s&t=s&s=10464,midias.php?tm=f&t=s&s=10464
10459,Psittacidae,Nannopsittaca panychlora,periquito-dos-tepuis,8,52,/wiki/periquito-dos-tepuis,midias.php?tm=s&t=s&s=10459,midias.php?tm=f&t=s&s=10459
10460,Psittacidae,Nannopsittaca dachilleae,periquito-da-amazônia,4,41,/wiki/periquito-da-amazonia,midias.php?tm=s&t=s&s=10460,midias.php?tm=f&t=s&s=10460
10449,Psittacidae,Myiopsitta monachus,caturrita,311,8057,/wiki/caturrita,midias.php?tm=s&t=s&s=10449,midias.php?tm=f&t=s&s=10449
10458,Psittacidae,Brotogeris sanctithomae,periquito-testinha,82,1280,/wiki/periquito-testinha,midias.php?tm=s&t=s&s=10458,midias.php?tm=f&t=s&s=10458
10453,Psittacidae,Brotogeris tirica,periquito-rico,545,11147,/wiki/periquito-rico,midias.php?tm=s&t=s&s=10453,midias.php?tm=f&t=s&s=10453
10454,Psittacidae,Brotogeris versicolurus,periquito-da-campina,66,1306,/wiki/periquito-da-campina,midias.php?tm=s&t=s&s=10454,midias.php?tm=f&t=s&s=10454
10455,Psittacidae,Brotogeris chiriri,periquito-de-encontro-amarelo,797,16130,/wiki/periquito-de-encontro-amarelo,midias.php?tm=s&t=s&s=10455,midias.php?tm=f&t=s&s=10455
10456,Psittacidae,Brotogeris cyanoptera,periquito-de-asa-azul,37,320,/wiki/periquito-de-asa-azul,midias.php?tm=s&t=s&s=10456,midias.php?tm=f&t=s&s=10456
10457,Psittacidae,Brotogeris chrysoptera,periquito-de-asa-dourada,120,1159,/wiki/periquito-de-asa-dourada,midias.php?tm=s&t=s&s=10457,midias.php?tm=f&t=s&s=10457
10471,Psittacidae,Pionopsitta pileata,cuiú-cuiú,278,2361,/wiki/cuiu-cuiu,midias.php?tm=s&t=s&s=10471,midias.php?tm=f&t=s&s=10471
10490,Psittacidae,Triclaria malachitacea,sabiá-cica,200,1456,/wiki/sabia-cica,midias.php?tm=s&t=s&s=10490,midias.php?tm=f&t=s&s=10490
10469,Psittacidae,Pyrilia barrabandi,curica-de-bochecha-laranja,27,586,/wiki/curica-de-bochecha-laranja,midias.php?tm=s&t=s&s=10469,midias.php?tm=f&t=s&s=10469
10470,Psittacidae,Pyrilia caica,curica-de-chapéu-preto,19,415,/wiki/curica-de-chapeu-preto,midias.php?tm=s&t=s&s=10470,midias.php?tm=f&t=s&s=10470
10468,Psittacidae,Pyrilia aurantiocephala,papagaio-de-cabeça-laranja,2,77,/wiki/papagaio-de-cabeca-laranja,midias.php?tm=s&t=s&s=10468,midias.php?tm=f&t=s&s=10468
10467,Psittacidae,Pyrilia vulturina,curica-urubu,19,261,/wiki/curica-urubu,midias.php?tm=s&t=s&s=10467,midias.php?tm=f&t=s&s=10467
10476,Psittacidae,Pionus fuscus,maitaca-roxa,48,768,/wiki/maitaca-roxa,midias.php?tm=s&t=s&s=10476,midias.php?tm=f&t=s&s=10476
10475,Psittacidae,Pionus maximiliani,maitaca-verde,779,9420,/wiki/maitaca-verde,midias.php?tm=s&t=s&s=10475,midias.php?tm=f&t=s&s=10475
10474,Psittacidae,Pionus menstruus,maitaca-de-cabeça-azul,232,3163,/wiki/maitaca-de-cabeca-azul,midias.php?tm=s&t=s&s=10474,midias.php?tm=f&t=s&s=10474
11802,Psittacidae,Pionus reichenowi,maitaca-de-barriga-azul,53,556,/wiki/maitaca-de-barriga-azul,midias.php?tm=s&t=s&s=11802,midias.php?tm=f&t=s&s=11802
10472,Psittacidae,Graydidascalus brachyurus,curica-verde,65,669,/wiki/curica-verde,midias.php?tm=s&t=s&s=10472,midias.php?tm=f&t=s&s=10472
10473,Psittacidae,Alipiopsitta xanthops,papagaio-galego,122,3394,/wiki/papagaio-galego,midias.php?tm=s&t=s&s=10473,midias.php?tm=f&t=s&s=10473
10482,Psittacidae,Amazona festiva,papagaio-da-várzea,48,732,/wiki/papagaio-da-varzea,midias.php?tm=s&t=s&s=10482,midias.php?tm=f&t=s&s=10482
10488,Psittacidae,Amazona vinacea,papagaio-de-peito-roxo,331,3378,/wiki/papagaio-de-peito-roxo,midias.php?tm=s&t=s&s=10488,midias.php?tm=f&t=s&s=10488
10477,Psittacidae,Amazona pretrei,papagaio-charão,142,2421,/wiki/papagaio-charao,midias.php?tm=s&t=s&s=10477,midias.php?tm=f&t=s&s=10477
10478,Psittacidae,Amazona autumnalis,papagaio-diadema,31,465,/wiki/papagaio-diadema,midias.php?tm=s&t=s&s=10478,midias.php?tm=f&t=s&s=10478
10480,Psittacidae,Amazona dufresniana,papagaio-de-bochecha-azul,2,14,/wiki/papagaio-de-bochecha-azul,midias.php?tm=s&t=s&s=10480,midias.php?tm=f&t=s&s=10480
10481,Psittacidae,Amazona rhodocorytha,chauá,174,1089,/wiki/chaua,midias.php?tm=s&t=s&s=10481,midias.php?tm=f&t=s&s=10481
10484,Psittacidae,Amazona ochrocephala,papagaio-campeiro,129,1803,/wiki/papagaio-campeiro,midias.php?tm=s&t=s&s=10484,midias.php?tm=f&t=s&s=10484
10483,Psittacidae,Amazona aestiva,papagaio-verdadeiro,691,10247,/wiki/papagaio-verdadeiro,midias.php?tm=s&t=s&s=10483,midias.php?tm=f&t=s&s=10483
10487,Psittacidae,Amazona farinosa,papagaio-moleiro,314,2685,/wiki/papagaio-moleiro,midias.php?tm=s&t=s&s=10487,midias.php?tm=f&t=s&s=10487
10485,Psittacidae,Amazona kawalli,papagaio-dos-garbes,13,201,/wiki/papagaio-dos-garbes,midias.php?tm=s&t=s&s=10485,midias.php?tm=f&t=s&s=10485
10479,Psittacidae,Amazona brasiliensis,papagaio-de-cara-roxa,116,1674,/wiki/papagaio-de-cara-roxa,midias.php?tm=s&t=s&s=10479,midias.php?tm=f&t=s&s=10479
10486,Psittacidae,Amazona amazonica,curica,480,4897,/wiki/curica,midias.php?tm=s&t=s&s=10486,midias.php?tm=f&t=s&s=10486
10452,Psittacidae,Forpus sclateri,periquito-santo-de-bico-escuro,34,545,/wiki/periquito-santo-de-bico-escuro,midias.php?tm=s&t=s&s=10452,midias.php?tm=f&t=s&s=10452
10451,Psittacidae,Forpus xanthopterygius,tuim,725,16665,/wiki/tuim,midias.php?tm=s&t=s&s=10451,midias.php?tm=f&t=s&s=10451
10450,Psittacidae,Forpus passerinus,periquito-santo,39,621,/wiki/periquito-santo,midias.php?tm=s&t=s&s=10450,midias.php?tm=f&t=s&s=10450
10465,Psittacidae,Pionites melanocephalus,marianinha-de-cabeça-preta,32,278,/wiki/marianinha-de-cabeca-preta,midias.php?tm=s&t=s&s=10465,midias.php?tm=f&t=s&s=10465
10466,Psittacidae,Pionites leucogaster,marianinha-de-cabeça-amarela,83,844,/wiki/marianinha-de-cabeca-amarela,midias.php?tm=s&t=s&s=10466,midias.php?tm=f&t=s&s=10466
10489,Psittacidae,Deroptyus accipitrinus,anacã,104,1344,/wiki/anaca,midias.php?tm=s&t=s&s=10489,midias.php?tm=f&t=s&s=10489
10432,Psittacidae,Pyrrhura cruentata,tiriba-grande,57,904,/wiki/tiriba-grande,midias.php?tm=s&t=s&s=10432,midias.php?tm=f&t=s&s=10432
10433,Psittacidae,Pyrrhura devillei,tiriba-fogo,35,913,/wiki/tiriba-fogo,midias.php?tm=s&t=s&s=10433,midias.php?tm=f&t=s&s=10433
10434,Psittacidae,Pyrrhura frontalis,tiriba-de-testa-vermelha,479,14990,/wiki/tiriba-de-testa-vermelha,midias.php?tm=s&t=s&s=10434,midias.php?tm=f&t=s&s=10434
11978,Psittacidae,Pyrrhura anerythra,tiriba-do-xingu,28,294,/wiki/tiriba-do-xingu,midias.php?tm=s&t=s&s=11978,midias.php?tm=f&t=s&s=11978
10435,Psittacidae,Pyrrhura coerulescens,tiriba-pérola,13,84,/wiki/tiriba-perola,midias.php?tm=s&t=s&s=10435,midias.php?tm=f&t=s&s=10435
10436,Psittacidae,Pyrrhura perlata,tiriba-de-barriga-vermelha,39,472,/wiki/tiriba-de-barriga-vermelha,midias.php?tm=s&t=s&s=10436,midias.php?tm=f&t=s&s=10436
10437,Psittacidae,Pyrrhura molinae,cara-suja-do-pantanal,10,260,/wiki/cara-suja-do-pantanal,midias.php?tm=s&t=s&s=10437,midias.php?tm=f&t=s&s=10437
10439,Psittacidae,Pyrrhura griseipectus,cara-suja,77,910,/wiki/cara-suja,midias.php?tm=s&t=s&s=10439,midias.php?tm=f&t=s&s=10439
10438,Psittacidae,Pyrrhura leucotis,tiriba-de-orelha-branca,72,1143,/wiki/tiriba-de-orelha-branca,midias.php?tm=s&t=s&s=10438,midias.php?tm=f&t=s&s=10438
10440,Psittacidae,Pyrrhura pfrimeri,tiriba-do-paranã,35,383,/wiki/tiriba-do-parana,midias.php?tm=s&t=s&s=10440,midias.php?tm=f&t=s&s=10440
10441,Psittacidae,Pyrrhura picta,tiriba-de-testa-azul,30,462,/wiki/tiriba-de-testa-azul,midias.php?tm=s&t=s&s=10441,midias.php?tm=f&t=s&s=10441
10444,Psittacidae,Pyrrhura amazonum,tiriba-de-hellmayr,54,651,/wiki/tiriba-de-hellmayr,midias.php?tm=s&t=s&s=10444,midias.php?tm=f&t=s&s=10444
10445,Psittacidae,Pyrrhura pallescens,tiriba-do-madeira,56,950,/wiki/tiriba-do-madeira,midias.php?tm=s&t=s&s=10445,midias.php?tm=f&t=s&s=10445
10442,Psittacidae,Pyrrhura lucianii,tiriba-de-deville,38,336,/wiki/tiriba-de-deville,midias.php?tm=s&t=s&s=10442,midias.php?tm=f&t=s&s=10442
10443,Psittacidae,Pyrrhura roseifrons,tiriba-de-cabeça-vermelha,8,101,/wiki/tiriba-de-cabeca-vermelha,midias.php?tm=s&t=s&s=10443,midias.php?tm=f&t=s&s=10443
10446,Psittacidae,Pyrrhura egregia,tiriba-de-cauda-roxa,1,20,/wiki/tiriba-de-cauda-roxa,midias.php?tm=s&t=s&s=10446,midias.php?tm=f&t=s&s=10446
10447,Psittacidae,Pyrrhura melanura,tiriba-fura-mata,8,103,/wiki/tiriba-fura-mata,midias.php?tm=s&t=s&s=10447,midias.php?tm=f&t=s&s=10447
10448,Psittacidae,Pyrrhura rupicola,tiriba-rupestre,18,196,/wiki/tiriba-rupestre,midias.php?tm=s&t=s&s=10448,midias.php?tm=f&t=s&s=10448
10407,Psittacidae,Anodorhynchus hyacinthinus,arara-azul,154,4373,/wiki/arara-azul,midias.php?tm=s&t=s&s=10407,midias.php?tm=f&t=s&s=10407
10409,Psittacidae,Anodorhynchus leari,arara-azul-de-lear,73,1477,/wiki/arara-azul-de-lear,midias.php?tm=s&t=s&s=10409,midias.php?tm=f&t=s&s=10409
10429,Psittacidae,Eupsittula aurea,periquito-rei,483,16748,/wiki/periquito-rei,midias.php?tm=s&t=s&s=10429,midias.php?tm=f&t=s&s=10429
10430,Psittacidae,Eupsittula pertinax,periquito-de-bochecha-parda,32,631,/wiki/periquito-de-bochecha-parda,midias.php?tm=s&t=s&s=10430,midias.php?tm=f&t=s&s=10430
10431,Psittacidae,Eupsittula cactorum,periquito-da-caatinga,241,4986,/wiki/periquito-da-caatinga,midias.php?tm=s&t=s&s=10431,midias.php?tm=f&t=s&s=10431
10428,Psittacidae,Aratinga weddellii,periquito-de-cabeça-suja,85,1267,/wiki/periquito-de-cabeca-suja,midias.php?tm=s&t=s&s=10428,midias.php?tm=f&t=s&s=10428
10423,Psittacidae,Aratinga nenday,periquito-de-cabeça-preta,69,2218,/wiki/periquito-de-cabeca-preta,midias.php?tm=s&t=s&s=10423,midias.php?tm=f&t=s&s=10423
10427,Psittacidae,Aratinga solstitialis,jandaia-amarela,16,301,/wiki/jandaia-amarela,midias.php?tm=s&t=s&s=10427,midias.php?tm=f&t=s&s=10427
10426,Psittacidae,Aratinga maculata,cacaué,19,86,/wiki/cacaue,midias.php?tm=s&t=s&s=10426,midias.php?tm=f&t=s&s=10426
10425,Psittacidae,Aratinga jandaya,jandaia-verdadeira,183,2946,/wiki/jandaia-verdadeira,midias.php?tm=s&t=s&s=10425,midias.php?tm=f&t=s&s=10425
10424,Psittacidae,Aratinga auricapillus,jandaia-de-testa-vermelha,396,6724,/wiki/jandaia-de-testa-vermelha,midias.php?tm=s&t=s&s=10424,midias.php?tm=f&t=s&s=10424
10410,Psittacidae,Cyanopsitta spixii,ararinha-azul,3,13,/wiki/ararinha-azul,midias.php?tm=s&t=s&s=10410,midias.php?tm=f&t=s&s=10410
10415,Psittacidae,Orthopsittaca manilatus,maracanã-do-buriti,197,3877,/wiki/maracana-do-buriti,midias.php?tm=s&t=s&s=10415,midias.php?tm=f&t=s&s=10415
10416,Psittacidae,Primolius maracana,maracanã,317,5794,/wiki/maracana,midias.php?tm=s&t=s&s=10416,midias.php?tm=f&t=s&s=10416
10417,Psittacidae,Primolius couloni,maracanã-de-cabeça-azul,33,329,/wiki/maracana-de-cabeca-azul,midias.php?tm=s&t=s&s=10417,midias.php?tm=f&t=s&s=10417
10418,Psittacidae,Primolius auricollis,maracanã-de-colar,51,1579,/wiki/maracana-de-colar,midias.php?tm=s&t=s&s=10418,midias.php?tm=f&t=s&s=10418
10411,Psittacidae,Ara ararauna,arara-canindé,417,12276,/wiki/arara-caninde,midias.php?tm=s&t=s&s=10411,midias.php?tm=f&t=s&s=10411
10414,Psittacidae,Ara severus,maracanã-guaçu,107,1953,/wiki/maracana-guacu,midias.php?tm=s&t=s&s=10414,midias.php?tm=f&t=s&s=10414
10412,Psittacidae,Ara macao,araracanga,103,2538,/wiki/araracanga,midias.php?tm=s&t=s&s=10412,midias.php?tm=f&t=s&s=10412
10413,Psittacidae,Ara chloropterus,arara-vermelha,180,5882,/wiki/arara-vermelha,midias.php?tm=s&t=s&s=10413,midias.php?tm=f&t=s&s=10413
10420,Psittacidae,Guaruba guarouba,ararajuba,39,561,/wiki/ararajuba,midias.php?tm=s&t=s&s=10420,midias.php?tm=f&t=s&s=10420
10421,Psittacidae,Thectocercus acuticaudatus,aratinga-de-testa-azul,65,1693,/wiki/aratinga-de-testa-azul,midias.php?tm=s&t=s&s=10421,midias.php?tm=f&t=s&s=10421
10419,Psittacidae,Diopsittaca nobilis,maracanã-pequena,428,6845,/wiki/maracana-pequena,midias.php?tm=s&t=s&s=10419,midias.php?tm=f&t=s&s=10419
10422,Psittacidae,Psittacara leucophthalmus,periquitão,984,20950,/wiki/periquitao,midias.php?tm=s&t=s&s=10422,midias.php?tm=f&t=s&s=10422
10905,Thamnophilidae,Euchrepomis humeralis,zidedê-de-encontro,11,29,/wiki/zidede-de-encontro,midias.php?tm=s&t=s&s=10905,midias.php?tm=f&t=s&s=10905
10906,Thamnophilidae,Euchrepomis spodioptila,zidedê-de-asa-cinza,19,73,/wiki/zidede-de-asa-cinza,midias.php?tm=s&t=s&s=10906,midias.php?tm=f&t=s&s=10906
10951,Thamnophilidae,Myrmornis torquata,pinto-do-mato-carijó,33,80,/wiki/pinto-do-mato-carijo,midias.php?tm=s&t=s&s=10951,midias.php?tm=f&t=s&s=10951
10846,Thamnophilidae,Pygiptila stellaris,choca-cantadora,107,553,/wiki/choca-cantadora,midias.php?tm=s&t=s&s=10846,midias.php?tm=f&t=s&s=10846
10887,Thamnophilidae,Microrhopias quixensis,papa-formiga-de-bando,83,597,/wiki/papa-formiga-de-bando,midias.php?tm=s&t=s&s=10887,midias.php?tm=f&t=s&s=10887
10876,Thamnophilidae,Myrmorchilus strigilatus,tem-farinha-aí,466,2413,/wiki/tem-farinha-ai,midias.php?tm=s&t=s&s=10876,midias.php?tm=f&t=s&s=10876
10836,Thamnophilidae,Neoctantes niger,choca-preta,19,69,/wiki/choca-preta,midias.php?tm=s&t=s&s=10836,midias.php?tm=f&t=s&s=10836
10837,Thamnophilidae,Clytoctantes atrogularis,choca-de-garganta-preta,29,131,/wiki/choca-de-garganta-preta,midias.php?tm=s&t=s&s=10837,midias.php?tm=f&t=s&s=10837
10847,Thamnophilidae,Epinecrophylla gutturalis,choquinha-de-barriga-parda,21,148,/wiki/choquinha-de-barriga-parda,midias.php?tm=s&t=s&s=10847,midias.php?tm=f&t=s&s=10847
10848,Thamnophilidae,Epinecrophylla leucophthalma,choquinha-de-olho-branco,60,228,/wiki/choquinha-de-olho-branco,midias.php?tm=s&t=s&s=10848,midias.php?tm=f&t=s&s=10848
10849,Thamnophilidae,Epinecrophylla haematonota,choquinha-de-garganta-carijó,7,44,/wiki/choquinha-de-garganta-carijo,midias.php?tm=s&t=s&s=10849,midias.php?tm=f&t=s&s=10849
11910,Thamnophilidae,Epinecrophylla pyrrhonota,choquinha-do-rio-negro,14,89,/wiki/choquinha-do-rio-negro,midias.php?tm=s&t=s&s=11910,midias.php?tm=f&t=s&s=11910
11911,Thamnophilidae,Epinecrophylla amazonica,choquinha-do-madeira,21,152,/wiki/choquinha-do-madeira,midias.php?tm=s&t=s&s=11911,midias.php?tm=f&t=s&s=11911
11912,Thamnophilidae,Epinecrophylla dentei,choquinha-do-rio-roosevelt,7,63,/wiki/choquinha-do-rio-roosevelt,midias.php?tm=s&t=s&s=11912,midias.php?tm=f&t=s&s=11912
10850,Thamnophilidae,Epinecrophylla ornata,choquinha-ornada,68,238,/wiki/choquinha-ornada,midias.php?tm=s&t=s&s=10850,midias.php?tm=f&t=s&s=10850
10851,Thamnophilidae,Epinecrophylla erythrura,choquinha-de-cauda-ruiva,8,20,/wiki/choquinha-de-cauda-ruiva,midias.php?tm=s&t=s&s=10851,midias.php?tm=f&t=s&s=10851
10950,Thamnophilidae,Aprositornis disjuncta,formigueiro-de-yapacana,20,142,/wiki/formigueiro-de-yapacana,midias.php?tm=s&t=s&s=10950,midias.php?tm=f&t=s&s=10950
10943,Thamnophilidae,Ammonastes pelzelni,formigueiro-de-barriga-cinza,7,13,/wiki/formigueiro-de-barriga-cinza,midias.php?tm=s&t=s&s=10943,midias.php?tm=f&t=s&s=10943
10945,Thamnophilidae,Myrmophylax atrothorax,formigueiro-de-peito-preto,257,845,/wiki/formigueiro-de-peito-preto,midias.php?tm=s&t=s&s=10945,midias.php?tm=f&t=s&s=10945
10929,Thamnophilidae,Myrmochanes hemileucus,formigueiro-preto-e-branco,26,310,/wiki/formigueiro-preto-e-branco,midias.php?tm=s&t=s&s=10929,midias.php?tm=f&t=s&s=10929
10903,Thamnophilidae,Terenura sicki,zidedê-do-nordeste,39,189,/wiki/zidede-do-nordeste,midias.php?tm=s&t=s&s=10903,midias.php?tm=f&t=s&s=10903
10904,Thamnophilidae,Terenura maculata,zidedê,316,2024,/wiki/zidede,midias.php?tm=s&t=s&s=10904,midias.php?tm=f&t=s&s=10904
10852,Thamnophilidae,Myrmotherula brachyura,choquinha-miúda,135,517,/wiki/choquinha-miuda,midias.php?tm=s&t=s&s=10852,midias.php?tm=f&t=s&s=10852
10853,Thamnophilidae,Myrmotherula obscura,choquinha-de-bico-curto,10,27,/wiki/choquinha-de-bico-curto,midias.php?tm=s&t=s&s=10853,midias.php?tm=f&t=s&s=10853
10854,Thamnophilidae,Myrmotherula ambigua,choquinha-de-coroa-listrada,7,13,/wiki/choquinha-de-coroa-listrada,midias.php?tm=s&t=s&s=10854,midias.php?tm=f&t=s&s=10854
10855,Thamnophilidae,Myrmotherula sclateri,choquinha-de-garganta-amarela,66,144,/wiki/choquinha-de-garganta-amarela,midias.php?tm=s&t=s&s=10855,midias.php?tm=f&t=s&s=10855
10856,Thamnophilidae,Myrmotherula surinamensis,choquinha-estriada,17,140,/wiki/choquinha-estriada,midias.php?tm=s&t=s&s=10856,midias.php?tm=f&t=s&s=10856
10857,Thamnophilidae,Myrmotherula multostriata,choquinha-estriada-da-amazônia,119,879,/wiki/choquinha-estriada-da-amazonia,midias.php?tm=s&t=s&s=10857,midias.php?tm=f&t=s&s=10857
10858,Thamnophilidae,Myrmotherula cherriei,choquinha-de-peito-riscado,38,270,/wiki/choquinha-de-peito-riscado,midias.php?tm=s&t=s&s=10858,midias.php?tm=f&t=s&s=10858
10859,Thamnophilidae,Myrmotherula klagesi,choquinha-do-tapajós,32,267,/wiki/choquinha-do-tapajos,midias.php?tm=s&t=s&s=10859,midias.php?tm=f&t=s&s=10859
10863,Thamnophilidae,Myrmotherula axillaris,choquinha-de-flanco-branco,423,3229,/wiki/choquinha-de-flanco-branco,midias.php?tm=s&t=s&s=10863,midias.php?tm=f&t=s&s=10863
10865,Thamnophilidae,Myrmotherula minor,choquinha-pequena,71,570,/wiki/choquinha-pequena,midias.php?tm=s&t=s&s=10865,midias.php?tm=f&t=s&s=10865
10866,Thamnophilidae,Myrmotherula longipennis,choquinha-de-asa-comprida,65,498,/wiki/choquinha-de-asa-comprida,midias.php?tm=s&t=s&s=10866,midias.php?tm=f&t=s&s=10866
10867,Thamnophilidae,Myrmotherula urosticta,choquinha-de-rabo-cintado,73,357,/wiki/choquinha-de-rabo-cintado,midias.php?tm=s&t=s&s=10867,midias.php?tm=f&t=s&s=10867
10868,Thamnophilidae,Myrmotherula iheringi,choquinha-de-ihering,6,23,/wiki/choquinha-de-ihering,midias.php?tm=s&t=s&s=10868,midias.php?tm=f&t=s&s=10868
11913,Thamnophilidae,Myrmotherula oreni,choquinha-do-bambu,10,67,/wiki/choquinha-do-bambu,midias.php?tm=s&t=s&s=11913,midias.php?tm=f&t=s&s=11913
11914,Thamnophilidae,Myrmotherula heteroptera,choquinha-do-purus,7,33,/wiki/choquinha-do-purus,midias.php?tm=s&t=s&s=11914,midias.php?tm=f&t=s&s=11914
10870,Thamnophilidae,Myrmotherula unicolor,choquinha-cinzenta,293,2331,/wiki/choquinha-cinzenta,midias.php?tm=s&t=s&s=10870,midias.php?tm=f&t=s&s=10870
10871,Thamnophilidae,Myrmotherula snowi,choquinha-de-alagoas,18,55,/wiki/choquinha-de-alagoas,midias.php?tm=s&t=s&s=10871,midias.php?tm=f&t=s&s=10871
10872,Thamnophilidae,Myrmotherula behni,choquinha-de-asa-lisa,3,4,/wiki/choquinha-de-asa-lisa,midias.php?tm=s&t=s&s=10872,midias.php?tm=f&t=s&s=10872
10873,Thamnophilidae,Myrmotherula menetriesii,choquinha-de-garganta-cinza,97,500,/wiki/choquinha-de-garganta-cinza,midias.php?tm=s&t=s&s=10873,midias.php?tm=f&t=s&s=10873
10874,Thamnophilidae,Myrmotherula assimilis,choquinha-da-várzea,65,535,/wiki/choquinha-da-varzea,midias.php?tm=s&t=s&s=10874,midias.php?tm=f&t=s&s=10874
10888,Thamnophilidae,Formicivora iheringi,formigueiro-do-nordeste,104,634,/wiki/formigueiro-do-nordeste,midias.php?tm=s&t=s&s=10888,midias.php?tm=f&t=s&s=10888
10889,Thamnophilidae,Formicivora erythronotos,formigueiro-de-cabeça-negra,79,710,/wiki/formigueiro-de-cabeca-negra,midias.php?tm=s&t=s&s=10889,midias.php?tm=f&t=s&s=10889
10890,Thamnophilidae,Formicivora grisea,papa-formiga-pardo,347,3750,/wiki/papa-formiga-pardo,midias.php?tm=s&t=s&s=10890,midias.php?tm=f&t=s&s=10890
10891,Thamnophilidae,Formicivora serrana,formigueiro-da-serra,201,1497,/wiki/formigueiro-da-serra,midias.php?tm=s&t=s&s=10891,midias.php?tm=f&t=s&s=10891
10892,Thamnophilidae,Formicivora littoralis,formigueiro-do-litoral,64,654,/wiki/formigueiro-do-litoral,midias.php?tm=s&t=s&s=10892,midias.php?tm=f&t=s&s=10892
10893,Thamnophilidae,Formicivora melanogaster,formigueiro-de-barriga-preta,219,2629,/wiki/formigueiro-de-barriga-preta,midias.php?tm=s&t=s&s=10893,midias.php?tm=f&t=s&s=10893
10894,Thamnophilidae,Formicivora rufa,papa-formiga-vermelho,359,5795,/wiki/papa-formiga-vermelho,midias.php?tm=s&t=s&s=10894,midias.php?tm=f&t=s&s=10894
11807,Thamnophilidae,Formicivora grantsaui,papa-formiga-do-sincorá,25,540,/wiki/papa-formiga-do-sincora,midias.php?tm=s&t=s&s=11807,midias.php?tm=f&t=s&s=11807
11979,Thamnophilidae,Formicivora paludicola,bicudinho-do-brejo-paulista,114,1139,/wiki/bicudinho-do-brejo-paulista,midias.php?tm=s&t=s&s=11979,midias.php?tm=f&t=s&s=11979
10895,Thamnophilidae,Formicivora acutirostris,bicudinho-do-brejo,67,1058,/wiki/bicudinho-do-brejo,midias.php?tm=s&t=s&s=10895,midias.php?tm=f&t=s&s=10895
10860,Thamnophilidae,Isleria hauxwelli,choquinha-de-garganta-clara,98,473,/wiki/choquinha-de-garganta-clara,midias.php?tm=s&t=s&s=10860,midias.php?tm=f&t=s&s=10860
10861,Thamnophilidae,Isleria guttata,choquinha-de-barriga-ruiva,22,178,/wiki/choquinha-de-barriga-ruiva,midias.php?tm=s&t=s&s=10861,midias.php?tm=f&t=s&s=10861
10842,Thamnophilidae,Thamnomanes ardesiacus,uirapuru-de-garganta-preta,53,303,/wiki/uirapuru-de-garganta-preta,midias.php?tm=s&t=s&s=10842,midias.php?tm=f&t=s&s=10842
10843,Thamnophilidae,Thamnomanes saturninus,uirapuru-selado,78,353,/wiki/uirapuru-selado,midias.php?tm=s&t=s&s=10843,midias.php?tm=f&t=s&s=10843
10844,Thamnophilidae,Thamnomanes caesius,ipecuá,214,1267,/wiki/ipecua,midias.php?tm=s&t=s&s=10844,midias.php?tm=f&t=s&s=10844
10845,Thamnophilidae,Thamnomanes schistogynus,uirapuru-azul,41,252,/wiki/uirapuru-azul,midias.php?tm=s&t=s&s=10845,midias.php?tm=f&t=s&s=10845
10875,Thamnophilidae,Dichrozona cincta,tovaquinha,33,171,/wiki/tovaquinha,midias.php?tm=s&t=s&s=10875,midias.php?tm=f&t=s&s=10875
10862,Thamnophilidae,Rhopias gularis,choquinha-de-garganta-pintada,491,2764,/wiki/choquinha-de-garganta-pintada,midias.php?tm=s&t=s&s=10862,midias.php?tm=f&t=s&s=10862
10835,Thamnophilidae,Megastictus margaritatus,choca-pintada,18,82,/wiki/choca-pintada,midias.php?tm=s&t=s&s=10835,midias.php?tm=f&t=s&s=10835
10813,Thamnophilidae,Sakesphoroides cristatus,choca-do-nordeste,221,3383,/wiki/choca-do-nordeste,midias.php?tm=s&t=s&s=10813,midias.php?tm=f&t=s&s=10813
10838,Thamnophilidae,Dysithamnus stictothorax,choquinha-de-peito-pintado,402,3306,/wiki/choquinha-de-peito-pintado,midias.php?tm=s&t=s&s=10838,midias.php?tm=f&t=s&s=10838
10839,Thamnophilidae,Dysithamnus mentalis,choquinha-lisa,1263,7106,/wiki/choquinha-lisa,midias.php?tm=s&t=s&s=10839,midias.php?tm=f&t=s&s=10839
10840,Thamnophilidae,Dysithamnus xanthopterus,choquinha-de-asa-ferrugem,202,1177,/wiki/choquinha-de-asa-ferrugem,midias.php?tm=s&t=s&s=10840,midias.php?tm=f&t=s&s=10840
10841,Thamnophilidae,Dysithamnus plumbeus,choquinha-chumbo,107,351,/wiki/choquinha-chumbo,midias.php?tm=s&t=s&s=10841,midias.php?tm=f&t=s&s=10841
10884,Thamnophilidae,Herpsilochmus pectoralis,chorozinho-de-papo-preto,114,857,/wiki/chorozinho-de-papo-preto,midias.php?tm=s&t=s&s=10884,midias.php?tm=f&t=s&s=10884
10883,Thamnophilidae,Herpsilochmus roraimae,chorozinho-de-roraima,4,32,/wiki/chorozinho-de-roraima,midias.php?tm=s&t=s&s=10883,midias.php?tm=f&t=s&s=10883
10885,Thamnophilidae,Herpsilochmus longirostris,chorozinho-de-bico-comprido,306,3944,/wiki/chorozinho-de-bico-comprido,midias.php?tm=s&t=s&s=10885,midias.php?tm=f&t=s&s=10885
10880,Thamnophilidae,Herpsilochmus sticturus,chorozinho-de-cauda-pintada,9,13,/wiki/chorozinho-de-cauda-pintada,midias.php?tm=s&t=s&s=10880,midias.php?tm=f&t=s&s=10880
12034,Thamnophilidae,Herpsilochmus frater,chorozinho-de-asa-vermelha-do-norte,150,508,/wiki/chorozinho-de-asa-vermelha-do-norte,midias.php?tm=s&t=s&s=12034,midias.php?tm=f&t=s&s=12034
10886,Thamnophilidae,Herpsilochmus rufimarginatus,chorozinho-de-asa-vermelha,684,3867,/wiki/chorozinho-de-asa-vermelha,midias.php?tm=s&t=s&s=10886,midias.php?tm=f&t=s&s=10886
10881,Thamnophilidae,Herpsilochmus stictocephalus,chorozinho-de-cabeça-pintada,20,28,/wiki/chorozinho-de-cabeca-pintada,midias.php?tm=s&t=s&s=10881,midias.php?tm=f&t=s&s=10881
10882,Thamnophilidae,Herpsilochmus dorsimaculatus,chorozinho-de-costas-manchadas,59,424,/wiki/chorozinho-de-costas-manchadas,midias.php?tm=s&t=s&s=10882,midias.php?tm=f&t=s&s=10882
11915,Thamnophilidae,Herpsilochmus praedictus,chorozinho-esperado,48,201,/wiki/chorozinho-esperado,midias.php?tm=s&t=s&s=11915,midias.php?tm=f&t=s&s=11915
11916,Thamnophilidae,Herpsilochmus stotzi,chorozinho-do-aripuanã,21,75,/wiki/chorozinho-do-aripuana,midias.php?tm=s&t=s&s=11916,midias.php?tm=f&t=s&s=11916
10879,Thamnophilidae,Herpsilochmus atricapillus,chorozinho-de-chapéu-preto,613,4130,/wiki/chorozinho-de-chapeu-preto,midias.php?tm=s&t=s&s=10879,midias.php?tm=f&t=s&s=10879
10878,Thamnophilidae,Herpsilochmus pileatus,chorozinho-de-boné,67,432,/wiki/chorozinho-de-bone,midias.php?tm=s&t=s&s=10878,midias.php?tm=f&t=s&s=10878
10812,Thamnophilidae,Sakesphorus canadensis,choca-de-crista-preta,70,812,/wiki/choca-de-crista-preta,midias.php?tm=s&t=s&s=10812,midias.php?tm=f&t=s&s=10812
10815,Thamnophilidae,Sakesphorus luctuosus,choca-d'água,155,1822,/wiki/choca-d_agua,midias.php?tm=s&t=s&s=10815,midias.php?tm=f&t=s&s=10815
10817,Thamnophilidae,Thamnophilus doliatus,choca-barrada,684,12452,/wiki/choca-barrada,midias.php?tm=s&t=s&s=10817,midias.php?tm=f&t=s&s=10817
11806,Thamnophilidae,Thamnophilus capistratus,choca-barrada-do-nordeste,223,3370,/wiki/choca-barrada-do-nordeste,midias.php?tm=s&t=s&s=11806,midias.php?tm=f&t=s&s=11806
10834,Thamnophilidae,Thamnophilus ruficapillus,choca-de-chapéu-vermelho,600,6143,/wiki/choca-de-chapeu-vermelho,midias.php?tm=s&t=s&s=10834,midias.php?tm=f&t=s&s=10834
10833,Thamnophilidae,Thamnophilus torquatus,choca-de-asa-vermelha,302,3509,/wiki/choca-de-asa-vermelha,midias.php?tm=s&t=s&s=10833,midias.php?tm=f&t=s&s=10833
10818,Thamnophilidae,Thamnophilus palliatus,choca-listrada,354,3910,/wiki/choca-listrada,midias.php?tm=s&t=s&s=10818,midias.php?tm=f&t=s&s=10818
10822,Thamnophilidae,Thamnophilus schistaceus,choca-de-olho-vermelho,152,663,/wiki/choca-de-olho-vermelho,midias.php?tm=s&t=s&s=10822,midias.php?tm=f&t=s&s=10822
10823,Thamnophilidae,Thamnophilus murinus,choca-murina,114,751,/wiki/choca-murina,midias.php?tm=s&t=s&s=10823,midias.php?tm=f&t=s&s=10823
10820,Thamnophilidae,Thamnophilus cryptoleucus,choca-selada,14,148,/wiki/choca-selada,midias.php?tm=s&t=s&s=10820,midias.php?tm=f&t=s&s=10820
10819,Thamnophilidae,Thamnophilus nigrocinereus,choca-preta-e-cinza,54,455,/wiki/choca-preta-e-cinza,midias.php?tm=s&t=s&s=10819,midias.php?tm=f&t=s&s=10819
10824,Thamnophilidae,Thamnophilus punctatus,choca-bate-cabo,76,531,/wiki/choca-bate-cabo,midias.php?tm=s&t=s&s=10824,midias.php?tm=f&t=s&s=10824
10825,Thamnophilidae,Thamnophilus stictocephalus,choca-de-natterer,115,767,/wiki/choca-de-natterer,midias.php?tm=s&t=s&s=10825,midias.php?tm=f&t=s&s=10825
10826,Thamnophilidae,Thamnophilus sticturus,choca-da-bolívia,20,372,/wiki/choca-da-bolivia,midias.php?tm=s&t=s&s=10826,midias.php?tm=f&t=s&s=10826
10827,Thamnophilidae,Thamnophilus pelzelni,choca-do-planalto,529,6385,/wiki/choca-do-planalto,midias.php?tm=s&t=s&s=10827,midias.php?tm=f&t=s&s=10827
10828,Thamnophilidae,Thamnophilus ambiguus,choca-de-sooretama,286,3628,/wiki/choca-de-sooretama,midias.php?tm=s&t=s&s=10828,midias.php?tm=f&t=s&s=10828
10832,Thamnophilidae,Thamnophilus caerulescens,choca-da-mata,1288,15670,/wiki/choca-da-mata,midias.php?tm=s&t=s&s=10832,midias.php?tm=f&t=s&s=10832
10821,Thamnophilidae,Thamnophilus aethiops,choca-lisa,167,611,/wiki/choca-lisa,midias.php?tm=s&t=s&s=10821,midias.php?tm=f&t=s&s=10821
10814,Thamnophilidae,Thamnophilus melanothorax,choca-de-cauda-pintada,8,41,/wiki/choca-de-cauda-pintada,midias.php?tm=s&t=s&s=10814,midias.php?tm=f&t=s&s=10814
10829,Thamnophilidae,Thamnophilus amazonicus,choca-canela,175,1241,/wiki/choca-canela,midias.php?tm=s&t=s&s=10829,midias.php?tm=f&t=s&s=10829
10831,Thamnophilidae,Thamnophilus insignis,choca-de-roraima,3,54,/wiki/choca-de-roraima,midias.php?tm=s&t=s&s=10831,midias.php?tm=f&t=s&s=10831
10830,Thamnophilidae,Thamnophilus divisorius,choca-do-acre,12,132,/wiki/choca-do-acre,midias.php?tm=s&t=s&s=10830,midias.php?tm=f&t=s&s=10830
10803,Thamnophilidae,Cymbilaimus lineatus,papa-formiga-barrado,124,897,/wiki/papa-formiga-barrado,midias.php?tm=s&t=s&s=10803,midias.php?tm=f&t=s&s=10803
10804,Thamnophilidae,Cymbilaimus sanctaemariae,choca-do-bambu,43,167,/wiki/choca-do-bambu,midias.php?tm=s&t=s&s=10804,midias.php?tm=f&t=s&s=10804
10811,Thamnophilidae,Taraba major,choró-boi,1041,11264,/wiki/choro-boi,midias.php?tm=s&t=s&s=10811,midias.php?tm=f&t=s&s=10811
10805,Thamnophilidae,Hypoedaleus guttatus,chocão-carijó,812,3405,/wiki/chocao-carijo,midias.php?tm=s&t=s&s=10805,midias.php?tm=f&t=s&s=10805
10806,Thamnophilidae,Batara cinerea,matracão,671,2269,/wiki/matracao,midias.php?tm=s&t=s&s=10806,midias.php?tm=f&t=s&s=10806
10807,Thamnophilidae,Mackenziaena leachii,borralhara-assobiadora,556,3412,/wiki/borralhara-assobiadora,midias.php?tm=s&t=s&s=10807,midias.php?tm=f&t=s&s=10807
10808,Thamnophilidae,Mackenziaena severa,borralhara,804,2925,/wiki/borralhara,midias.php?tm=s&t=s&s=10808,midias.php?tm=f&t=s&s=10808
10809,Thamnophilidae,Frederickena viridis,borralhara-do-norte,33,107,/wiki/borralhara-do-norte,midias.php?tm=s&t=s&s=10809,midias.php?tm=f&t=s&s=10809
10810,Thamnophilidae,Frederickena unduliger,borralhara-ondulada,35,84,/wiki/borralhara-ondulada,midias.php?tm=s&t=s&s=10810,midias.php?tm=f&t=s&s=10810
10877,Thamnophilidae,Radinopsyche sellowi,chorozinho-da-caatinga,162,1454,/wiki/chorozinho-da-caatinga,midias.php?tm=s&t=s&s=10877,midias.php?tm=f&t=s&s=10877
10816,Thamnophilidae,Biatas nigropectus,papo-branco,223,1256,/wiki/papo-branco,midias.php?tm=s&t=s&s=10816,midias.php?tm=f&t=s&s=10816
10939,Thamnophilidae,Myrmoderus ferrugineus,formigueiro-ferrugem,113,661,/wiki/formigueiro-ferrugem,midias.php?tm=s&t=s&s=10939,midias.php?tm=f&t=s&s=10939
10940,Thamnophilidae,Myrmoderus ruficauda,formigueiro-de-cauda-ruiva,108,403,/wiki/formigueiro-de-cauda-ruiva,midias.php?tm=s&t=s&s=10940,midias.php?tm=f&t=s&s=10940
10941,Thamnophilidae,Myrmoderus loricatus,formigueiro-assobiador,326,1150,/wiki/formigueiro-assobiador,midias.php?tm=s&t=s&s=10941,midias.php?tm=f&t=s&s=10941
10942,Thamnophilidae,Myrmoderus squamosus,papa-formiga-de-grota,541,3196,/wiki/papa-formiga-de-grota,midias.php?tm=s&t=s&s=10942,midias.php?tm=f&t=s&s=10942
10927,Thamnophilidae,Hypocnemoides maculicauda,solta-asa,105,1076,/wiki/solta-asa,midias.php?tm=s&t=s&s=10927,midias.php?tm=f&t=s&s=10927
10928,Thamnophilidae,Hypocnemoides melanopogon,solta-asa-do-norte,61,512,/wiki/solta-asa-do-norte,midias.php?tm=s&t=s&s=10928,midias.php?tm=f&t=s&s=10928
10961,Thamnophilidae,Hylophylax naevius,guarda-floresta,89,394,/wiki/guarda-floresta,midias.php?tm=s&t=s&s=10961,midias.php?tm=f&t=s&s=10961
10962,Thamnophilidae,Hylophylax punctulatus,guarda-várzea,84,423,/wiki/guarda-varzea,midias.php?tm=s&t=s&s=10962,midias.php?tm=f&t=s&s=10962
10930,Thamnophilidae,Sclateria naevia,papa-formiga-do-igarapé,190,845,/wiki/papa-formiga-do-igarape,midias.php?tm=s&t=s&s=10930,midias.php?tm=f&t=s&s=10930
10936,Thamnophilidae,Myrmelastes saturatus,formigueiro-de-roraima,5,17,/wiki/formigueiro-de-roraima,midias.php?tm=s&t=s&s=10936,midias.php?tm=f&t=s&s=10936
10934,Thamnophilidae,Myrmelastes schistaceus,formigueiro-cinza,12,72,/wiki/formigueiro-cinza,midias.php?tm=s&t=s&s=10934,midias.php?tm=f&t=s&s=10934
10948,Thamnophilidae,Myrmelastes hyperythrus,formigueiro-chumbo,68,362,/wiki/formigueiro-chumbo,midias.php?tm=s&t=s&s=10948,midias.php?tm=f&t=s&s=10948
11815,Thamnophilidae,Myrmelastes rufifacies,formigueiro-de-cara-ruiva,80,313,/wiki/formigueiro-de-cara-ruiva,midias.php?tm=s&t=s&s=11815,midias.php?tm=f&t=s&s=11815
10935,Thamnophilidae,Myrmelastes leucostigma,formigueiro-de-asa-pintada,37,209,/wiki/formigueiro-de-asa-pintada,midias.php?tm=s&t=s&s=10935,midias.php?tm=f&t=s&s=10935
11814,Thamnophilidae,Myrmelastes humaythae,formigueiro-de-cauda-curta,45,218,/wiki/formigueiro-de-cauda-curta,midias.php?tm=s&t=s&s=11814,midias.php?tm=f&t=s&s=11814
10937,Thamnophilidae,Myrmelastes caurensis,formigueiro-do-caura,25,130,/wiki/formigueiro-do-caura,midias.php?tm=s&t=s&s=10937,midias.php?tm=f&t=s&s=10937
10938,Thamnophilidae,Myrmeciza longipes,formigueiro-de-barriga-branca,50,208,/wiki/formigueiro-de-barriga-branca,midias.php?tm=s&t=s&s=10938,midias.php?tm=f&t=s&s=10938
10924,Thamnophilidae,Myrmoborus melanurus,formigueiro-de-cauda-preta,8,43,/wiki/formigueiro-de-cauda-preta,midias.php?tm=s&t=s&s=10924,midias.php?tm=f&t=s&s=10924
10933,Thamnophilidae,Myrmoborus lophotes,formigueiro-do-bambu,34,184,/wiki/formigueiro-do-bambu,midias.php?tm=s&t=s&s=10933,midias.php?tm=f&t=s&s=10933
10923,Thamnophilidae,Myrmoborus myotherinus,formigueiro-de-cara-preta,230,1035,/wiki/formigueiro-de-cara-preta,midias.php?tm=s&t=s&s=10923,midias.php?tm=f&t=s&s=10923
10921,Thamnophilidae,Myrmoborus leucophrys,papa-formiga-de-sobrancelha,184,914,/wiki/papa-formiga-de-sobrancelha,midias.php?tm=s&t=s&s=10921,midias.php?tm=f&t=s&s=10921
12035,Thamnophilidae,Myrmoborus berlepschi,formigueiro-liso-do-solimões,5,29,/wiki/formigueiro-liso-do-solimoes,midias.php?tm=s&t=s&s=12035,midias.php?tm=f&t=s&s=12035
10922,Thamnophilidae,Myrmoborus stictopterus,formigueiro-liso-do-rio-negro,30,171,/wiki/formigueiro-liso-do-rio-negro,midias.php?tm=s&t=s&s=10922,midias.php?tm=f&t=s&s=10922
12036,Thamnophilidae,Myrmoborus lugubris,formigueiro-liso-do-pará,14,38,/wiki/formigueiro-liso-do-para,midias.php?tm=s&t=s&s=12036,midias.php?tm=f&t=s&s=12036
12037,Thamnophilidae,Pyriglena maura,papa-taoca-do-pantanal,41,288,/wiki/papa-taoca-do-pantanal,midias.php?tm=s&t=s&s=12037,midias.php?tm=f&t=s&s=12037
12038,Thamnophilidae,Pyriglena similis,papa-taoca-do-tapajós,24,66,/wiki/papa-taoca-do-tapajos,midias.php?tm=s&t=s&s=12038,midias.php?tm=f&t=s&s=12038
10917,Thamnophilidae,Pyriglena leuconota,papa-taoca-de-belém,148,424,/wiki/papa-taoca-de-belem,midias.php?tm=s&t=s&s=10917,midias.php?tm=f&t=s&s=10917
11917,Thamnophilidae,Pyriglena pernambucensis,papa-taoca-de-pernambuco,104,369,/wiki/papa-taoca-de-pernambuco,midias.php?tm=s&t=s&s=11917,midias.php?tm=f&t=s&s=11917
10918,Thamnophilidae,Pyriglena atra,papa-taoca-da-bahia,46,261,/wiki/papa-taoca-da-bahia,midias.php?tm=s&t=s&s=10918,midias.php?tm=f&t=s&s=10918
10919,Thamnophilidae,Pyriglena leucoptera,papa-taoca-do-sul,1265,6507,/wiki/papa-taoca-do-sul,midias.php?tm=s&t=s&s=10919,midias.php?tm=f&t=s&s=10919
10920,Thamnophilidae,Rhopornis ardesiacus,gravatazeiro,101,985,/wiki/gravatazeiro,midias.php?tm=s&t=s&s=10920,midias.php?tm=f&t=s&s=10920
10931,Thamnophilidae,Percnostola rufifrons,formigueiro-de-cabeça-preta,41,139,/wiki/formigueiro-de-cabeca-preta,midias.php?tm=s&t=s&s=10931,midias.php?tm=f&t=s&s=10931
11813,Thamnophilidae,Percnostola subcristata,formigueiro-de-hellmayr,104,409,/wiki/formigueiro-de-hellmayr,midias.php?tm=s&t=s&s=11813,midias.php?tm=f&t=s&s=11813
10932,Thamnophilidae,Percnostola minor,formigueiro-de-pelzeln,9,16,/wiki/formigueiro-de-pelzeln,midias.php?tm=s&t=s&s=10932,midias.php?tm=f&t=s&s=10932
10946,Thamnophilidae,Akletos melanoceps,formigueiro-grande,15,88,/wiki/formigueiro-grande,midias.php?tm=s&t=s&s=10946,midias.php?tm=f&t=s&s=10946
10947,Thamnophilidae,Akletos goeldii,formigueiro-de-goeldi,59,218,/wiki/formigueiro-de-goeldi,midias.php?tm=s&t=s&s=10947,midias.php?tm=f&t=s&s=10947
10949,Thamnophilidae,Hafferia fortis,formigueiro-de-taoca,48,205,/wiki/formigueiro-de-taoca,midias.php?tm=s&t=s&s=10949,midias.php?tm=f&t=s&s=10949
10944,Thamnophilidae,Sciaphylax hemimelaena,formigueiro-de-cauda-castanha,78,309,/wiki/formigueiro-de-cauda-castanha,midias.php?tm=s&t=s&s=10944,midias.php?tm=f&t=s&s=10944
11918,Thamnophilidae,Sciaphylax pallens,formigueiro-de-cauda-baia,94,383,/wiki/formigueiro-de-cauda-baia,midias.php?tm=s&t=s&s=11918,midias.php?tm=f&t=s&s=11918
10915,Thamnophilidae,Cercomacra manu,chororó-de-manu,72,287,/wiki/chororo-de-manu,midias.php?tm=s&t=s&s=10915,midias.php?tm=f&t=s&s=10915
10908,Thamnophilidae,Cercomacra brasiliana,chororó-cinzento,134,606,/wiki/chororo-cinzento,midias.php?tm=s&t=s&s=10908,midias.php?tm=f&t=s&s=10908
10907,Thamnophilidae,Cercomacra cinerascens,chororó-pocuá,242,464,/wiki/chororo-pocua,midias.php?tm=s&t=s&s=10907,midias.php?tm=f&t=s&s=10907
10914,Thamnophilidae,Cercomacra melanaria,chororó-do-pantanal,92,1062,/wiki/chororo-do-pantanal,midias.php?tm=s&t=s&s=10914,midias.php?tm=f&t=s&s=10914
10916,Thamnophilidae,Cercomacra ferdinandi,chororó-de-goiás,69,357,/wiki/chororo-de-goias,midias.php?tm=s&t=s&s=10916,midias.php?tm=f&t=s&s=10916
10913,Thamnophilidae,Cercomacra carbonaria,chororó-do-rio-branco,45,297,/wiki/chororo-do-rio-branco,midias.php?tm=s&t=s&s=10913,midias.php?tm=f&t=s&s=10913
10911,Thamnophilidae,Cercomacroides nigrescens,chororó-negro,193,847,/wiki/chororo-negro,midias.php?tm=s&t=s&s=10911,midias.php?tm=f&t=s&s=10911
11980,Thamnophilidae,Cercomacroides fuscicauda,chororó-negro-do-acre,43,175,/wiki/chororo-negro-do-acre,midias.php?tm=s&t=s&s=11980,midias.php?tm=f&t=s&s=11980
10910,Thamnophilidae,Cercomacroides laeta,chororó-didi,164,595,/wiki/chororo-didi,midias.php?tm=s&t=s&s=10910,midias.php?tm=f&t=s&s=10910
10909,Thamnophilidae,Cercomacroides tyrannina,chororó-escuro,126,597,/wiki/chororo-escuro,midias.php?tm=s&t=s&s=10909,midias.php?tm=f&t=s&s=10909
10912,Thamnophilidae,Cercomacroides serva,chororó-preto,56,246,/wiki/chororo-preto,midias.php?tm=s&t=s&s=10912,midias.php?tm=f&t=s&s=10912
10896,Thamnophilidae,Drymophila ferruginea,dituí,787,4143,/wiki/ditui,midias.php?tm=s&t=s&s=10896,midias.php?tm=f&t=s&s=10896
10897,Thamnophilidae,Drymophila rubricollis,choquinha-dublê,395,1677,/wiki/choquinha-duble,midias.php?tm=s&t=s&s=10897,midias.php?tm=f&t=s&s=10897
10898,Thamnophilidae,Drymophila genei,choquinha-da-serra,213,1189,/wiki/choquinha-da-serra,midias.php?tm=s&t=s&s=10898,midias.php?tm=f&t=s&s=10898
10899,Thamnophilidae,Drymophila ochropyga,choquinha-de-dorso-vermelho,541,2374,/wiki/choquinha-de-dorso-vermelho,midias.php?tm=s&t=s&s=10899,midias.php?tm=f&t=s&s=10899
10900,Thamnophilidae,Drymophila malura,choquinha-carijó,815,2551,/wiki/choquinha-carijo,midias.php?tm=s&t=s&s=10900,midias.php?tm=f&t=s&s=10900
10901,Thamnophilidae,Drymophila squamata,pintadinho,552,3235,/wiki/pintadinho,midias.php?tm=s&t=s&s=10901,midias.php?tm=f&t=s&s=10901
10902,Thamnophilidae,Drymophila devillei,choquinha-listrada,32,116,/wiki/choquinha-listrada,midias.php?tm=s&t=s&s=10902,midias.php?tm=f&t=s&s=10902
10926,Thamnophilidae,Hypocnemis hypoxantha,cantador-amarelo,62,391,/wiki/cantador-amarelo,midias.php?tm=s&t=s&s=10926,midias.php?tm=f&t=s&s=10926
11810,Thamnophilidae,Hypocnemis subflava,cantador-galego,41,214,/wiki/cantador-galego,midias.php?tm=s&t=s&s=11810,midias.php?tm=f&t=s&s=11810
10925,Thamnophilidae,Hypocnemis cantator,cantador-da-guiana,109,519,/wiki/cantador-da-guiana,midias.php?tm=s&t=s&s=10925,midias.php?tm=f&t=s&s=10925
11808,Thamnophilidae,Hypocnemis flavescens,cantador-sulfúreo,35,136,/wiki/cantador-sulfureo,midias.php?tm=s&t=s&s=11808,midias.php?tm=f&t=s&s=11808
11809,Thamnophilidae,Hypocnemis peruviana,cantador-sinaleiro,112,569,/wiki/cantador-sinaleiro,midias.php?tm=s&t=s&s=11809,midias.php?tm=f&t=s&s=11809
11811,Thamnophilidae,Hypocnemis ochrogyna,cantador-ocráceo,112,498,/wiki/cantador-ocraceo,midias.php?tm=s&t=s&s=11811,midias.php?tm=f&t=s&s=11811
11919,Thamnophilidae,Hypocnemis rondoni,cantador-de-rondon,22,85,/wiki/cantador-de-rondon,midias.php?tm=s&t=s&s=11919,midias.php?tm=f&t=s&s=11919
11812,Thamnophilidae,Hypocnemis striata,cantador-estriado,121,490,/wiki/cantador-estriado,midias.php?tm=s&t=s&s=11812,midias.php?tm=f&t=s&s=11812
10952,Thamnophilidae,Pithys albifrons,papa-formiga-de-topete,22,98,/wiki/papa-formiga-de-topete,midias.php?tm=s&t=s&s=10952,midias.php?tm=f&t=s&s=10952
10963,Thamnophilidae,Willisornis poecilinotus,rendadinho,86,485,/wiki/rendadinho,midias.php?tm=s&t=s&s=10963,midias.php?tm=f&t=s&s=10963
11920,Thamnophilidae,Willisornis vidua,rendadinho-do-xingu,69,458,/wiki/rendadinho-do-xingu,midias.php?tm=s&t=s&s=11920,midias.php?tm=f&t=s&s=11920
10964,Thamnophilidae,Phlegopsis nigromaculata,mãe-de-taoca,111,399,/wiki/mae-de-taoca,midias.php?tm=s&t=s&s=10964,midias.php?tm=f&t=s&s=10964
10966,Thamnophilidae,Phlegopsis borbae,mãe-de-taoca-dourada,14,45,/wiki/mae-de-taoca-dourada,midias.php?tm=s&t=s&s=10966,midias.php?tm=f&t=s&s=10966
10965,Thamnophilidae,Phlegopsis erythroptera,mãe-de-taoca-avermelhada,25,66,/wiki/mae-de-taoca-avermelhada,midias.php?tm=s&t=s&s=10965,midias.php?tm=f&t=s&s=10965
10953,Thamnophilidae,Gymnopithys leucaspis,mãe-de-taoca-bochechuda,30,149,/wiki/mae-de-taoca-bochechuda,midias.php?tm=s&t=s&s=10953,midias.php?tm=f&t=s&s=10953
10954,Thamnophilidae,Gymnopithys rufigula,mãe-de-taoca-de-garganta-vermelha,45,112,/wiki/mae-de-taoca-de-garganta-vermelha,midias.php?tm=s&t=s&s=10954,midias.php?tm=f&t=s&s=10954
10955,Thamnophilidae,Oneillornis salvini,mãe-de-taoca-de-cauda-barrada,54,374,/wiki/mae-de-taoca-de-cauda-barrada,midias.php?tm=s&t=s&s=10955,midias.php?tm=f&t=s&s=10955
10956,Thamnophilidae,Rhegmatorhina gymnops,mãe-de-taoca-de-cara-branca,24,199,/wiki/mae-de-taoca-de-cara-branca,midias.php?tm=s&t=s&s=10956,midias.php?tm=f&t=s&s=10956
10957,Thamnophilidae,Rhegmatorhina berlepschi,mãe-de-taoca-arlequim,14,73,/wiki/mae-de-taoca-arlequim,midias.php?tm=s&t=s&s=10957,midias.php?tm=f&t=s&s=10957
10958,Thamnophilidae,Rhegmatorhina hoffmannsi,mãe-de-taoca-papuda,35,119,/wiki/mae-de-taoca-papuda,midias.php?tm=s&t=s&s=10958,midias.php?tm=f&t=s&s=10958
10959,Thamnophilidae,Rhegmatorhina cristata,mãe-de-taoca-cristada,10,13,/wiki/mae-de-taoca-cristada,midias.php?tm=s&t=s&s=10959,midias.php?tm=f&t=s&s=10959
10960,Thamnophilidae,Rhegmatorhina melanosticta,mãe-de-taoca-cabeçuda,42,227,/wiki/mae-de-taoca-cabecuda,midias.php?tm=s&t=s&s=10960,midias.php?tm=f&t=s&s=10960
12039,Melanopareiidae,Melanopareia bitorquata,meia-lua-de-coleira-dupla,9,52,/wiki/meia-lua-de-coleira-dupla,midias.php?tm=s&t=s&s=12039,midias.php?tm=f&t=s&s=12039
10802,Melanopareiidae,Melanopareia torquata,meia-lua-do-cerrado,330,2604,/wiki/meia-lua-do-cerrado,midias.php?tm=s&t=s&s=10802,midias.php?tm=f&t=s&s=10802
10970,Conopophagidae,Conopophaga melanogaster,chupa-dente-grande,36,218,/wiki/chupa-dente-grande,midias.php?tm=s&t=s&s=10970,midias.php?tm=f&t=s&s=10970
10972,Conopophagidae,Conopophaga melanops,cuspidor-de-máscara-preta,506,5319,/wiki/cuspidor-de-mascara-preta,midias.php?tm=s&t=s&s=10972,midias.php?tm=f&t=s&s=10972
10968,Conopophagidae,Conopophaga aurita,chupa-dente-de-cinta,55,357,/wiki/chupa-dente-de-cinta,midias.php?tm=s&t=s&s=10968,midias.php?tm=f&t=s&s=10968
10971,Conopophagidae,Conopophaga peruviana,chupa-dente-do-peru,3,8,/wiki/chupa-dente-do-peru,midias.php?tm=s&t=s&s=10971,midias.php?tm=f&t=s&s=10971
11981,Conopophagidae,Conopophaga cearae,chupa-dente-do-nordeste,76,827,/wiki/chupa-dente-do-nordeste,midias.php?tm=s&t=s&s=11981,midias.php?tm=f&t=s&s=11981
10969,Conopophagidae,Conopophaga roberti,chupa-dente-de-capuz,63,518,/wiki/chupa-dente-de-capuz,midias.php?tm=s&t=s&s=10969,midias.php?tm=f&t=s&s=10969
10967,Conopophagidae,Conopophaga lineata,chupa-dente,868,7102,/wiki/chupa-dente,midias.php?tm=s&t=s&s=10967,midias.php?tm=f&t=s&s=10967
10973,Grallariidae,Grallaria varia,tovacuçu,380,1034,/wiki/tovacucu,midias.php?tm=s&t=s&s=10973,midias.php?tm=f&t=s&s=10973
12040,Grallariidae,Grallaria guatimalensis,tovacuçu-corujinha,3,12,/wiki/tovacucu-corujinha,midias.php?tm=s&t=s&s=12040,midias.php?tm=f&t=s&s=12040
10974,Grallariidae,Grallaria eludens,tovacuçu-xodó,7,2,/wiki/tovacucu-xodo,midias.php?tm=s&t=s&s=10974,midias.php?tm=f&t=s&s=10974
10978,Grallariidae,Cryptopezus nattereri,pinto-do-mato,448,909,/wiki/pinto-do-mato,midias.php?tm=s&t=s&s=10978,midias.php?tm=f&t=s&s=10978
12041,Grallariidae,Grallaricula nana,tovaquinha-de-coroa-cinza,3,18,/wiki/tovaquinha-de-coroa-cinza,midias.php?tm=s&t=s&s=12041,midias.php?tm=f&t=s&s=12041
10977,Grallariidae,Hylopezus ochroleucus,pompeu,224,781,/wiki/pompeu,midias.php?tm=s&t=s&s=10977,midias.php?tm=f&t=s&s=10977
10975,Grallariidae,Hylopezus macularius,torom-carijó,19,174,/wiki/torom-carijo,midias.php?tm=s&t=s&s=10975,midias.php?tm=f&t=s&s=10975
11921,Grallariidae,Hylopezus dilutus,torom-do-imeri,3,0,/wiki/torom-do-imeri,midias.php?tm=s&t=s&s=11921,
11922,Grallariidae,Hylopezus whittakeri,torom-de-alta-floresta,38,153,/wiki/torom-de-alta-floresta,midias.php?tm=s&t=s&s=11922,midias.php?tm=f&t=s&s=11922
11923,Grallariidae,Hylopezus paraensis,torom-do-pará,31,144,/wiki/torom-do-para,midias.php?tm=s&t=s&s=11923,midias.php?tm=f&t=s&s=11923
10976,Grallariidae,Myrmothera berlepschi,torom-torom,128,323,/wiki/torom-torom,midias.php?tm=s&t=s&s=10976,midias.php?tm=f&t=s&s=10976
10979,Grallariidae,Myrmothera campanisona,tovaca-patinho,96,146,/wiki/tovaca-patinho,midias.php?tm=s&t=s&s=10979,midias.php?tm=f&t=s&s=10979
10980,Grallariidae,Myrmothera simplex,torom-de-peito-pardo,6,18,/wiki/torom-de-peito-pardo,midias.php?tm=s&t=s&s=10980,midias.php?tm=f&t=s&s=10980
12042,Grallariidae,Myrmothera subcanescens,tovaca-do-tapajós,43,59,/wiki/tovaca-do-tapajos,midias.php?tm=s&t=s&s=12042,midias.php?tm=f&t=s&s=12042
10982,Rhinocryptidae,Psilorhamphus guttatus,tapaculo-pintado,358,743,/wiki/tapaculo-pintado,midias.php?tm=s&t=s&s=10982,midias.php?tm=f&t=s&s=10982
10981,Rhinocryptidae,Liosceles thoracicus,corneteiro-da-mata,29,117,/wiki/corneteiro-da-mata,midias.php?tm=s&t=s&s=10981,midias.php?tm=f&t=s&s=10981
10983,Rhinocryptidae,Merulaxis ater,entufado,367,1652,/wiki/entufado,midias.php?tm=s&t=s&s=10983,midias.php?tm=f&t=s&s=10983
10984,Rhinocryptidae,Merulaxis stresemanni,entufado-baiano,18,39,/wiki/entufado-baiano,midias.php?tm=s&t=s&s=10984,midias.php?tm=f&t=s&s=10984
10990,Rhinocryptidae,Eleoscytalopus indigoticus,macuquinho,623,2084,/wiki/macuquinho,midias.php?tm=s&t=s&s=10990,midias.php?tm=f&t=s&s=10990
10991,Rhinocryptidae,Eleoscytalopus psychopompus,macuquinho-baiano,30,134,/wiki/macuquinho-baiano,midias.php?tm=s&t=s&s=10991,midias.php?tm=f&t=s&s=10991
10987,Rhinocryptidae,Scytalopus iraiensis,tapaculo-da-várzea,186,118,/wiki/tapaculo-da-varzea,midias.php?tm=s&t=s&s=10987,midias.php?tm=f&t=s&s=10987
11816,Rhinocryptidae,Scytalopus diamantinensis,tapaculo-da-chapada-diamantina,40,248,/wiki/tapaculo-da-chapada-diamantina,midias.php?tm=s&t=s&s=11816,midias.php?tm=f&t=s&s=11816
10989,Rhinocryptidae,Scytalopus novacapitalis,tapaculo-de-brasília,122,558,/wiki/tapaculo-de-brasilia,midias.php?tm=s&t=s&s=10989,midias.php?tm=f&t=s&s=10989
10986,Rhinocryptidae,Scytalopus petrophilus,tapaculo-serrano,165,702,/wiki/tapaculo-serrano,midias.php?tm=s&t=s&s=10986,midias.php?tm=f&t=s&s=10986
10988,Rhinocryptidae,Scytalopus pachecoi,tapaculo-ferreirinho,151,715,/wiki/tapaculo-ferreirinho,midias.php?tm=s&t=s&s=10988,midias.php?tm=f&t=s&s=10988
11982,Rhinocryptidae,Scytalopus gonzagai,tapaculo-preto-baiano,11,21,/wiki/tapaculo-preto-baiano,midias.php?tm=s&t=s&s=11982,midias.php?tm=f&t=s&s=11982
10985,Rhinocryptidae,Scytalopus speluncae,tapaculo-preto,649,1624,/wiki/tapaculo-preto,midias.php?tm=s&t=s&s=10985,midias.php?tm=f&t=s&s=10985
10992,Formicariidae,Formicarius colma,galinha-do-mato,570,2051,/wiki/galinha-do-mato,midias.php?tm=s&t=s&s=10992,midias.php?tm=f&t=s&s=10992
10993,Formicariidae,Formicarius analis,pinto-do-mato-de-cara-preta,128,232,/wiki/pinto-do-mato-de-cara-preta,midias.php?tm=s&t=s&s=10993,midias.php?tm=f&t=s&s=10993
10994,Formicariidae,Formicarius rufifrons,pinto-do-mato-de-fronte-ruiva,4,1,/wiki/pinto-do-mato-de-fronte-ruiva,midias.php?tm=s&t=s&s=10994,midias.php?tm=f&t=s&s=10994
10995,Formicariidae,Chamaeza campanisona,tovaca-campainha,722,1200,/wiki/tovaca-campainha,midias.php?tm=s&t=s&s=10995,midias.php?tm=f&t=s&s=10995
10996,Formicariidae,Chamaeza nobilis,tovaca-estriada,8,5,/wiki/tovaca-estriada,midias.php?tm=s&t=s&s=10996,midias.php?tm=f&t=s&s=10996
10997,Formicariidae,Chamaeza meruloides,tovaca-cantadora,387,746,/wiki/tovaca-cantadora,midias.php?tm=s&t=s&s=10997,midias.php?tm=f&t=s&s=10997
10998,Formicariidae,Chamaeza ruficauda,tovaca-de-rabo-vermelho,326,799,/wiki/tovaca-de-rabo-vermelho,midias.php?tm=s&t=s&s=10998,midias.php?tm=f&t=s&s=10998
10999,Scleruridae,Sclerurus macconnelli,vira-folha-de-peito-vermelho,99,420,/wiki/vira-folha-de-peito-vermelho,midias.php?tm=s&t=s&s=10999,midias.php?tm=f&t=s&s=10999
11000,Scleruridae,Sclerurus rufigularis,vira-folha-de-bico-curto,23,49,/wiki/vira-folha-de-bico-curto,midias.php?tm=s&t=s&s=11000,midias.php?tm=f&t=s&s=11000
11001,Scleruridae,Sclerurus caudacutus,vira-folha-pardo,27,47,/wiki/vira-folha-pardo,midias.php?tm=s&t=s&s=11001,midias.php?tm=f&t=s&s=11001
11002,Scleruridae,Sclerurus albigularis,vira-folha-de-garganta-cinza,12,22,/wiki/vira-folha-de-garganta-cinza,midias.php?tm=s&t=s&s=11002,midias.php?tm=f&t=s&s=11002
11924,Scleruridae,Sclerurus cearensis,vira-folha-cearense,105,544,/wiki/vira-folha-cearense,midias.php?tm=s&t=s&s=11924,midias.php?tm=f&t=s&s=11924
11003,Scleruridae,Sclerurus scansor,vira-folha,665,2678,/wiki/vira-folha,midias.php?tm=s&t=s&s=11003,midias.php?tm=f&t=s&s=11003
11005,Scleruridae,Geositta cunicularia,curriqueiro,19,1759,/wiki/curriqueiro,midias.php?tm=s&t=s&s=11005,midias.php?tm=f&t=s&s=11005
11004,Scleruridae,Geositta poeciloptera,andarilho,49,1049,/wiki/andarilho,midias.php?tm=s&t=s&s=11004,midias.php?tm=f&t=s&s=11004
11010,Dendrocolaptidae,Certhiasomus stictolaemus,arapaçu-de-garganta-pintada,14,58,/wiki/arapacu-de-garganta-pintada,midias.php?tm=s&t=s&s=11010,midias.php?tm=f&t=s&s=11010
11011,Dendrocolaptidae,Sittasomus griseicapillus,arapaçu-verde,1085,8618,/wiki/arapacu-verde,midias.php?tm=s&t=s&s=11011,midias.php?tm=f&t=s&s=11011
11009,Dendrocolaptidae,Deconychura longicauda,arapaçu-rabudo,59,350,/wiki/arapacu-rabudo,midias.php?tm=s&t=s&s=11009,midias.php?tm=f&t=s&s=11009
11008,Dendrocolaptidae,Dendrocincla merula,arapaçu-da-taoca,18,206,/wiki/arapacu-da-taoca,midias.php?tm=s&t=s&s=11008,midias.php?tm=f&t=s&s=11008
11006,Dendrocolaptidae,Dendrocincla fuliginosa,arapaçu-pardo,105,878,/wiki/arapacu-pardo,midias.php?tm=s&t=s&s=11006,midias.php?tm=f&t=s&s=11006
12044,Dendrocolaptidae,Dendrocincla atrirostris,arapaçu-pardo-de-mato-grosso,15,177,/wiki/arapacu-pardo-de-mato-grosso,midias.php?tm=s&t=s&s=12044,midias.php?tm=f&t=s&s=12044
11925,Dendrocolaptidae,Dendrocincla taunayi,arapaçu-pardo-do-nordeste,22,137,/wiki/arapacu-pardo-do-nordeste,midias.php?tm=s&t=s&s=11925,midias.php?tm=f&t=s&s=11925
11007,Dendrocolaptidae,Dendrocincla turdina,arapaçu-liso,365,4200,/wiki/arapacu-liso,midias.php?tm=s&t=s&s=11007,midias.php?tm=f&t=s&s=11007
11012,Dendrocolaptidae,Glyphorynchus spirurus,arapaçu-bico-de-cunha,134,1828,/wiki/arapacu-bico-de-cunha,midias.php?tm=s&t=s&s=11012,midias.php?tm=f&t=s&s=11012
11015,Dendrocolaptidae,Dendrexetastes rufigula,arapaçu-galinha-da-guiana,29,515,/wiki/arapacu-galinha-da-guiana,midias.php?tm=s&t=s&s=11015,midias.php?tm=f&t=s&s=11015
12045,Dendrocolaptidae,Dendrexetastes devillei,arapaçu-galinha-ocidental,51,333,/wiki/arapacu-galinha-ocidental,midias.php?tm=s&t=s&s=12045,midias.php?tm=f&t=s&s=12045
12046,Dendrocolaptidae,Dendrexetastes paraensis,arapaçu-galinha-do-pará,57,376,/wiki/arapacu-galinha-do-para,midias.php?tm=s&t=s&s=12046,midias.php?tm=f&t=s&s=12046
11014,Dendrocolaptidae,Nasica longirostris,arapaçu-de-bico-comprido,97,1222,/wiki/arapacu-de-bico-comprido,midias.php?tm=s&t=s&s=11014,midias.php?tm=f&t=s&s=11014
11025,Dendrocolaptidae,Dendrocolaptes certhia,arapaçu-barrado,52,445,/wiki/arapacu-barrado,midias.php?tm=s&t=s&s=11025,midias.php?tm=f&t=s&s=11025
11936,Dendrocolaptidae,Dendrocolaptes radiolatus,arapaçu-barrado-do-napo,10,104,/wiki/arapacu-barrado-do-napo,midias.php?tm=s&t=s&s=11936,midias.php?tm=f&t=s&s=11936
11937,Dendrocolaptidae,Dendrocolaptes juruanus,arapaçu-barrado-do-juruá,44,250,/wiki/arapacu-barrado-do-jurua,midias.php?tm=s&t=s&s=11937,midias.php?tm=f&t=s&s=11937
11938,Dendrocolaptidae,Dendrocolaptes concolor,arapaçu-concolor,33,218,/wiki/arapacu-concolor,midias.php?tm=s&t=s&s=11938,midias.php?tm=f&t=s&s=11938
11939,Dendrocolaptidae,Dendrocolaptes ridgwayi,arapaçu-barrado-do-tapajós,26,173,/wiki/arapacu-barrado-do-tapajos,midias.php?tm=s&t=s&s=11939,midias.php?tm=f&t=s&s=11939
11940,Dendrocolaptidae,Dendrocolaptes retentus,arapaçu-barrado-do-xingu,60,310,/wiki/arapacu-barrado-do-xingu,midias.php?tm=s&t=s&s=11940,midias.php?tm=f&t=s&s=11940
11941,Dendrocolaptidae,Dendrocolaptes medius,arapaçu-barrado-do-leste,27,200,/wiki/arapacu-barrado-do-leste,midias.php?tm=s&t=s&s=11941,midias.php?tm=f&t=s&s=11941
11026,Dendrocolaptidae,Dendrocolaptes picumnus,arapaçu-meio-barrado,44,616,/wiki/arapacu-meio-barrado,midias.php?tm=s&t=s&s=11026,midias.php?tm=f&t=s&s=11026
11027,Dendrocolaptidae,Dendrocolaptes hoffmannsi,arapaçu-marrom,27,130,/wiki/arapacu-marrom,midias.php?tm=s&t=s&s=11027,midias.php?tm=f&t=s&s=11027
12047,Dendrocolaptidae,Dendrocolaptes transfasciatus,arapaçu-meio-barrado-do-xingu,19,113,/wiki/arapacu-meio-barrado-do-xingu,midias.php?tm=s&t=s&s=12047,midias.php?tm=f&t=s&s=12047
11028,Dendrocolaptidae,Dendrocolaptes platyrostris,arapaçu-grande,501,8024,/wiki/arapacu-grande,midias.php?tm=s&t=s&s=11028,midias.php?tm=f&t=s&s=11028
11016,Dendrocolaptidae,Hylexetastes stresemanni,arapaçu-de-barriga-pintada,11,67,/wiki/arapacu-de-barriga-pintada,midias.php?tm=s&t=s&s=11016,midias.php?tm=f&t=s&s=11016
11017,Dendrocolaptidae,Hylexetastes perrotii,arapaçu-de-bico-vermelho,20,303,/wiki/arapacu-de-bico-vermelho,midias.php?tm=s&t=s&s=11017,midias.php?tm=f&t=s&s=11017
11018,Dendrocolaptidae,Hylexetastes uniformis,arapaçu-uniforme,36,319,/wiki/arapacu-uniforme,midias.php?tm=s&t=s&s=11018,midias.php?tm=f&t=s&s=11018
11020,Dendrocolaptidae,Xiphocolaptes promeropirhynchus,arapaçu-vermelho,43,175,/wiki/arapacu-vermelho,midias.php?tm=s&t=s&s=11020,midias.php?tm=f&t=s&s=11020
11021,Dendrocolaptidae,Xiphocolaptes carajaensis,arapaçu-do-carajás,15,58,/wiki/arapacu-do-carajas,midias.php?tm=s&t=s&s=11021,midias.php?tm=f&t=s&s=11021
11022,Dendrocolaptidae,Xiphocolaptes falcirostris,arapaçu-do-nordeste,46,655,/wiki/arapacu-do-nordeste,midias.php?tm=s&t=s&s=11022,midias.php?tm=f&t=s&s=11022
11023,Dendrocolaptidae,Xiphocolaptes albicollis,arapaçu-de-garganta-branca,326,4228,/wiki/arapacu-de-garganta-branca,midias.php?tm=s&t=s&s=11023,midias.php?tm=f&t=s&s=11023
11024,Dendrocolaptidae,Xiphocolaptes major,arapaçu-do-campo,28,1099,/wiki/arapacu-do-campo,midias.php?tm=s&t=s&s=11024,midias.php?tm=f&t=s&s=11024
11037,Dendrocolaptidae,Xiphorhynchus obsoletus,arapaçu-riscado,55,752,/wiki/arapacu-riscado,midias.php?tm=s&t=s&s=11037,midias.php?tm=f&t=s&s=11037
11031,Dendrocolaptidae,Xiphorhynchus fuscus,arapaçu-rajado,717,6271,/wiki/arapacu-rajado,midias.php?tm=s&t=s&s=11031,midias.php?tm=f&t=s&s=11031
11825,Dendrocolaptidae,Xiphorhynchus atlanticus,arapaçu-rajado-do-nordeste,54,503,/wiki/arapacu-rajado-do-nordeste,midias.php?tm=s&t=s&s=11825,midias.php?tm=f&t=s&s=11825
11034,Dendrocolaptidae,Xiphorhynchus pardalotus,arapaçu-assobiador,41,545,/wiki/arapacu-assobiador,midias.php?tm=s&t=s&s=11034,midias.php?tm=f&t=s&s=11034
11032,Dendrocolaptidae,Xiphorhynchus chunchotambo,arapaçu-de-tschudi,1,5,/wiki/arapacu-de-tschudi,midias.php?tm=s&t=s&s=11032,midias.php?tm=f&t=s&s=11032
11033,Dendrocolaptidae,Xiphorhynchus beauperthuysii,arapaçu-ocelado-do-norte,10,116,/wiki/arapacu-ocelado-do-norte,midias.php?tm=s&t=s&s=11033,midias.php?tm=f&t=s&s=11033
11926,Dendrocolaptidae,Xiphorhynchus ocellatus,arapaçu-ocelado,4,40,/wiki/arapacu-ocelado,midias.php?tm=s&t=s&s=11926,midias.php?tm=f&t=s&s=11926
11035,Dendrocolaptidae,Xiphorhynchus elegans,arapaçu-elegante,96,468,/wiki/arapacu-elegante,midias.php?tm=s&t=s&s=11035,midias.php?tm=f&t=s&s=11035
11036,Dendrocolaptidae,Xiphorhynchus spixii,arapaçu-de-spix,35,300,/wiki/arapacu-de-spix,midias.php?tm=s&t=s&s=11036,midias.php?tm=f&t=s&s=11036
11038,Dendrocolaptidae,Xiphorhynchus guttatus,arapaçu-de-garganta-amarela,121,1024,/wiki/arapacu-de-garganta-amarela,midias.php?tm=s&t=s&s=11038,midias.php?tm=f&t=s&s=11038
11983,Dendrocolaptidae,Xiphorhynchus guttatoides,arapaçu-de-lafresnaye,409,2411,/wiki/arapacu-de-lafresnaye,midias.php?tm=s&t=s&s=11983,midias.php?tm=f&t=s&s=11983
11029,Dendrocolaptidae,Dendroplex picus,arapaçu-de-bico-branco,303,5470,/wiki/arapacu-de-bico-branco,midias.php?tm=s&t=s&s=11029,midias.php?tm=f&t=s&s=11029
11030,Dendrocolaptidae,Dendroplex kienerii,arapaçu-ferrugem,19,676,/wiki/arapacu-ferrugem,midias.php?tm=s&t=s&s=11030,midias.php?tm=f&t=s&s=11030
11045,Dendrocolaptidae,Campylorhamphus trochilirostris,arapaçu-beija-flor,249,2673,/wiki/arapacu-beija-flor,midias.php?tm=s&t=s&s=11045,midias.php?tm=f&t=s&s=11045
11046,Dendrocolaptidae,Campylorhamphus falcularius,arapaçu-de-bico-torto,490,2006,/wiki/arapacu-de-bico-torto,midias.php?tm=s&t=s&s=11046,midias.php?tm=f&t=s&s=11046
11927,Dendrocolaptidae,Campylorhamphus multostriatus,arapaçu-de-bico-curvo-do-xingu,28,117,/wiki/arapacu-de-bico-curvo-do-xingu,midias.php?tm=s&t=s&s=11927,midias.php?tm=f&t=s&s=11927
11928,Dendrocolaptidae,Campylorhamphus probatus,arapaçu-de-bico-curvo-de-rondônia,4,66,/wiki/arapacu-de-bico-curvo-de-rondonia,midias.php?tm=s&t=s&s=11928,midias.php?tm=f&t=s&s=11928
11929,Dendrocolaptidae,Campylorhamphus cardosoi,arapaçu-do-tapajós,5,33,/wiki/arapacu-do-tapajos,midias.php?tm=s&t=s&s=11929,midias.php?tm=f&t=s&s=11929
11047,Dendrocolaptidae,Campylorhamphus procurvoides,arapaçu-de-bico-curvo,18,139,/wiki/arapacu-de-bico-curvo,midias.php?tm=s&t=s&s=11047,midias.php?tm=f&t=s&s=11047
11931,Dendrocolaptidae,Campylorhamphus gyldenstolpei,arapaçu-do-tupana,7,28,/wiki/arapacu-do-tupana,midias.php?tm=s&t=s&s=11931,midias.php?tm=f&t=s&s=11931
11013,Dendrocolaptidae,Drymornis bridgesii,arapaçu-platino,37,1116,/wiki/arapacu-platino,midias.php?tm=s&t=s&s=11013,midias.php?tm=f&t=s&s=11013
11039,Dendrocolaptidae,Lepidocolaptes souleyetii,arapaçu-listrado,8,277,/wiki/arapacu-listrado,midias.php?tm=s&t=s&s=11039,midias.php?tm=f&t=s&s=11039
11040,Dendrocolaptidae,Lepidocolaptes angustirostris,arapaçu-de-cerrado,435,14698,/wiki/arapacu-de-cerrado,midias.php?tm=s&t=s&s=11040,midias.php?tm=f&t=s&s=11040
11043,Dendrocolaptidae,Lepidocolaptes wagleri,arapaçu-de-wagler,20,253,/wiki/arapacu-de-wagler,midias.php?tm=s&t=s&s=11043,midias.php?tm=f&t=s&s=11043
11041,Dendrocolaptidae,Lepidocolaptes squamatus,arapaçu-escamoso,135,3292,/wiki/arapacu-escamoso,midias.php?tm=s&t=s&s=11041,midias.php?tm=f&t=s&s=11041
11042,Dendrocolaptidae,Lepidocolaptes falcinellus,arapaçu-escamoso-do-sul,180,4299,/wiki/arapacu-escamoso-do-sul,midias.php?tm=s&t=s&s=11042,midias.php?tm=f&t=s&s=11042
11932,Dendrocolaptidae,Lepidocolaptes duidae,arapaçu-do-duida,7,90,/wiki/arapacu-do-duida,midias.php?tm=s&t=s&s=11932,midias.php?tm=f&t=s&s=11932
11044,Dendrocolaptidae,Lepidocolaptes albolineatus,arapaçu-de-listras-brancas,23,495,/wiki/arapacu-de-listras-brancas,midias.php?tm=s&t=s&s=11044,midias.php?tm=f&t=s&s=11044
11933,Dendrocolaptidae,Lepidocolaptes fatimalimae,arapaçu-do-inambari,22,300,/wiki/arapacu-do-inambari,midias.php?tm=s&t=s&s=11933,midias.php?tm=f&t=s&s=11933
11934,Dendrocolaptidae,Lepidocolaptes fuscicapillus,arapaçu-de-rondônia,24,339,/wiki/arapacu-de-rondonia,midias.php?tm=s&t=s&s=11934,midias.php?tm=f&t=s&s=11934
11935,Dendrocolaptidae,Lepidocolaptes layardi,arapaçu-de-listras-brancas-do-leste,52,708,/wiki/arapacu-de-listras-brancas-do-leste,midias.php?tm=s&t=s&s=11935,midias.php?tm=f&t=s&s=11935
11146,Xenopidae,Xenops tenuirostris,bico-virado-fino,13,212,/wiki/bico-virado-fino,midias.php?tm=s&t=s&s=11146,midias.php?tm=f&t=s&s=11146
11147,Xenopidae,Xenops minutus,bico-virado-miúdo,453,2748,/wiki/bico-virado-miudo,midias.php?tm=s&t=s&s=11147,midias.php?tm=f&t=s&s=11147
11148,Xenopidae,Xenops rutilans,bico-virado-carijó,620,8426,/wiki/bico-virado-carijo,midias.php?tm=s&t=s&s=11148,midias.php?tm=f&t=s&s=11148
11116,Furnariidae,Berlepschia rikeri,limpa-folha-do-buriti,158,1402,/wiki/limpa-folha-do-buriti,midias.php?tm=s&t=s&s=11116,midias.php?tm=f&t=s&s=11116
11145,Furnariidae,Microxenops milleri,bico-virado-da-copa,20,148,/wiki/bico-virado-da-copa,midias.php?tm=s&t=s&s=11145,midias.php?tm=f&t=s&s=11145
11942,Furnariidae,Tarphonomus certhioides,joão-chaquenho,19,215,/wiki/joao-chaquenho,midias.php?tm=s&t=s&s=11942,midias.php?tm=f&t=s&s=11942
11050,Furnariidae,Furnarius figulus,casaca-de-couro-da-lama,640,9998,/wiki/casaca-de-couro-da-lama,midias.php?tm=s&t=s&s=11050,midias.php?tm=f&t=s&s=11050
11051,Furnariidae,Furnarius leucopus,casaca-de-couro-amarelo,227,2901,/wiki/casaca-de-couro-amarelo,midias.php?tm=s&t=s&s=11051,midias.php?tm=f&t=s&s=11051
11052,Furnariidae,Furnarius torridus,joão-de-bico-pálido,4,13,/wiki/joao-de-bico-palido,midias.php?tm=s&t=s&s=11052,midias.php?tm=f&t=s&s=11052
11053,Furnariidae,Furnarius minor,joãozinho,27,753,/wiki/joaozinho,midias.php?tm=s&t=s&s=11053,midias.php?tm=f&t=s&s=11053
11054,Furnariidae,Furnarius rufus,joão-de-barro,936,29834,/wiki/joao-de-barro,midias.php?tm=s&t=s&s=11054,midias.php?tm=f&t=s&s=11054
11143,Furnariidae,Lochmias nematura,joão-porca,879,6939,/wiki/joao-porca,midias.php?tm=s&t=s&s=11143,midias.php?tm=f&t=s&s=11143
11056,Furnariidae,Phleocryptes melanops,bate-bico,154,1860,/wiki/bate-bico,midias.php?tm=s&t=s&s=11056,midias.php?tm=f&t=s&s=11056
11055,Furnariidae,Limnornis curvirostris,joão-da-palha,95,1233,/wiki/joao-da-palha,midias.php?tm=s&t=s&s=11055,midias.php?tm=f&t=s&s=11055
11943,Furnariidae,Cinclodes espinhacensis,pedreiro-do-espinhaço,29,480,/wiki/pedreiro-do-espinhaco,midias.php?tm=s&t=s&s=11943,midias.php?tm=f&t=s&s=11943
11049,Furnariidae,Cinclodes pabsti,pedreiro,79,1703,/wiki/pedreiro,midias.php?tm=s&t=s&s=11049,midias.php?tm=f&t=s&s=11049
11048,Furnariidae,Cinclodes fuscus,pedreiro-dos-andes,6,619,/wiki/pedreiro-dos-andes,midias.php?tm=s&t=s&s=11048,midias.php?tm=f&t=s&s=11048
11131,Furnariidae,Anabazenops dorsalis,barranqueiro-de-topete,11,44,/wiki/barranqueiro-de-topete,midias.php?tm=s&t=s&s=11131,midias.php?tm=f&t=s&s=11131
11132,Furnariidae,Anabazenops fuscus,trepador-coleira,342,2182,/wiki/trepador-coleira,midias.php?tm=s&t=s&s=11132,midias.php?tm=f&t=s&s=11132
11149,Furnariidae,Megaxenops parnaguae,bico-virado-da-caatinga,127,942,/wiki/bico-virado-da-caatinga,midias.php?tm=s&t=s&s=11149,midias.php?tm=f&t=s&s=11149
11133,Furnariidae,Cichlocolaptes leucophrus,trepador-sobrancelha,256,1476,/wiki/trepador-sobrancelha,midias.php?tm=s&t=s&s=11133,midias.php?tm=f&t=s&s=11133
11144,Furnariidae,Heliobletus contaminatus,trepadorzinho,156,2746,/wiki/trepadorzinho,midias.php?tm=s&t=s&s=11144,midias.php?tm=f&t=s&s=11144
11124,Furnariidae,Philydor erythrocercum,limpa-folha-de-sobre-ruivo,53,459,/wiki/limpa-folha-de-sobre-ruivo,midias.php?tm=s&t=s&s=11124,midias.php?tm=f&t=s&s=11124
11127,Furnariidae,Philydor novaesi,limpa-folha-do-nordeste,7,15,/wiki/limpa-folha-do-nordeste,midias.php?tm=s&t=s&s=11127,midias.php?tm=f&t=s&s=11127
11128,Furnariidae,Philydor atricapillus,limpa-folha-coroado,270,3421,/wiki/limpa-folha-coroado,midias.php?tm=s&t=s&s=11128,midias.php?tm=f&t=s&s=11128
11130,Furnariidae,Philydor pyrrhodes,limpa-folha-vermelho,26,85,/wiki/limpa-folha-vermelho,midias.php?tm=s&t=s&s=11130,midias.php?tm=f&t=s&s=11130
11123,Furnariidae,Anabacerthia ruficaudata,limpa-folha-de-cauda-ruiva,5,247,/wiki/limpa-folha-de-cauda-ruiva,midias.php?tm=s&t=s&s=11123,midias.php?tm=f&t=s&s=11123
11117,Furnariidae,Anabacerthia amaurotis,limpa-folha-miúdo,123,1030,/wiki/limpa-folha-miudo,midias.php?tm=s&t=s&s=11117,midias.php?tm=f&t=s&s=11117
11126,Furnariidae,Anabacerthia lichtensteini,limpa-folha-ocráceo,174,2087,/wiki/limpa-folha-ocraceo,midias.php?tm=s&t=s&s=11126,midias.php?tm=f&t=s&s=11126
11118,Furnariidae,Syndactyla rufosuperciliata,trepador-quiete,751,3281,/wiki/trepador-quiete,midias.php?tm=s&t=s&s=11118,midias.php?tm=f&t=s&s=11118
11119,Furnariidae,Syndactyla dimidiata,limpa-folha-do-brejo,141,512,/wiki/limpa-folha-do-brejo,midias.php?tm=s&t=s&s=11119,midias.php?tm=f&t=s&s=11119
11139,Furnariidae,Syndactyla roraimae,barranqueiro-de-roraima,3,29,/wiki/barranqueiro-de-roraima,midias.php?tm=s&t=s&s=11139,midias.php?tm=f&t=s&s=11139
11120,Furnariidae,Syndactyla ucayalae,limpa-folha-de-bico-virado,31,33,/wiki/limpa-folha-de-bico-virado,midias.php?tm=s&t=s&s=11120,midias.php?tm=f&t=s&s=11120
11121,Furnariidae,Ancistrops strigilatus,limpa-folha-picanço,14,163,/wiki/limpa-folha-picanco,midias.php?tm=s&t=s&s=11121,midias.php?tm=f&t=s&s=11121
11129,Furnariidae,Dendroma rufa,limpa-folha-de-testa-baia,322,6481,/wiki/limpa-folha-de-testa-baia,midias.php?tm=s&t=s&s=11129,midias.php?tm=f&t=s&s=11129
11125,Furnariidae,Dendroma erythroptera,limpa-folha-de-asa-castanha,16,224,/wiki/limpa-folha-de-asa-castanha,midias.php?tm=s&t=s&s=11125,midias.php?tm=f&t=s&s=11125
11142,Furnariidae,Clibanornis rectirostris,cisqueiro-do-rio,383,2668,/wiki/cisqueiro-do-rio,midias.php?tm=s&t=s&s=11142,midias.php?tm=f&t=s&s=11142
11107,Furnariidae,Clibanornis dendrocolaptoides,cisqueiro,236,659,/wiki/cisqueiro,midias.php?tm=s&t=s&s=11107,midias.php?tm=f&t=s&s=11107
11140,Furnariidae,Clibanornis obscurus,barranqueiro-ferrugem,6,9,/wiki/barranqueiro-ferrugem,midias.php?tm=s&t=s&s=11140,midias.php?tm=f&t=s&s=11140
11944,Furnariidae,Clibanornis watkinsorum,barranqueiro-ferrugem-do-acre,7,7,/wiki/barranqueiro-ferrugem-do-acre,midias.php?tm=s&t=s&s=11944,midias.php?tm=f&t=s&s=11944
11141,Furnariidae,Automolus rufipileatus,barranqueiro-de-coroa-castanha,103,143,/wiki/barranqueiro-de-coroa-castanha,midias.php?tm=s&t=s&s=11141,midias.php?tm=f&t=s&s=11141
11138,Furnariidae,Automolus melanopezus,barranqueiro-escuro,12,45,/wiki/barranqueiro-escuro,midias.php?tm=s&t=s&s=11138,midias.php?tm=f&t=s&s=11138
11945,Furnariidae,Automolus cervicalis,barranqueiro-pardo-do-norte,40,28,/wiki/barranqueiro-pardo-do-norte,midias.php?tm=s&t=s&s=11945,midias.php?tm=f&t=s&s=11945
11122,Furnariidae,Automolus subulatus,limpa-folha-riscado,25,73,/wiki/limpa-folha-riscado,midias.php?tm=s&t=s&s=11122,midias.php?tm=f&t=s&s=11122
11134,Furnariidae,Automolus ochrolaemus,barranqueiro-camurça,148,274,/wiki/barranqueiro-camurca,midias.php?tm=s&t=s&s=11134,midias.php?tm=f&t=s&s=11134
11135,Furnariidae,Automolus infuscatus,barranqueiro-pardo,21,43,/wiki/barranqueiro-pardo,midias.php?tm=s&t=s&s=11135,midias.php?tm=f&t=s&s=11135
11136,Furnariidae,Automolus paraensis,barranqueiro-do-pará,91,131,/wiki/barranqueiro-do-para,midias.php?tm=s&t=s&s=11136,midias.php?tm=f&t=s&s=11136
11817,Furnariidae,Automolus lammi,barranqueiro-do-nordeste,74,246,/wiki/barranqueiro-do-nordeste,midias.php?tm=s&t=s&s=11817,midias.php?tm=f&t=s&s=11817
11137,Furnariidae,Automolus leucophthalmus,barranqueiro-de-olho-branco,1291,4424,/wiki/barranqueiro-de-olho-branco,midias.php?tm=s&t=s&s=11137,midias.php?tm=f&t=s&s=11137
11057,Furnariidae,Leptasthenura platensis,rabudinho,29,379,/wiki/rabudinho,midias.php?tm=s&t=s&s=11057,midias.php?tm=f&t=s&s=11057
11058,Furnariidae,Leptasthenura striolata,grimpeirinho,98,1150,/wiki/grimpeirinho,midias.php?tm=s&t=s&s=11058,midias.php?tm=f&t=s&s=11058
11059,Furnariidae,Leptasthenura setaria,grimpeiro,322,3889,/wiki/grimpeiro,midias.php?tm=s&t=s&s=11059,midias.php?tm=f&t=s&s=11059
11102,Furnariidae,Phacellodomus rufifrons,joão-de-pau,397,8313,/wiki/joao-de-pau,midias.php?tm=s&t=s&s=11102,midias.php?tm=f&t=s&s=11102
11946,Furnariidae,Phacellodomus sibilatrix,tio-tio-pequeno,33,328,/wiki/tio-tio-pequeno,midias.php?tm=s&t=s&s=11946,midias.php?tm=f&t=s&s=11946
11103,Furnariidae,Phacellodomus striaticollis,tio-tio,104,1569,/wiki/tio-tio,midias.php?tm=s&t=s&s=11103,midias.php?tm=f&t=s&s=11103
11104,Furnariidae,Phacellodomus ruber,graveteiro,291,3723,/wiki/graveteiro,midias.php?tm=s&t=s&s=11104,midias.php?tm=f&t=s&s=11104
11105,Furnariidae,Phacellodomus erythrophthalmus,joão-botina-da-mata,257,2736,/wiki/joao-botina-da-mata,midias.php?tm=s&t=s&s=11105,midias.php?tm=f&t=s&s=11105
11106,Furnariidae,Phacellodomus ferrugineigula,joão-botina-do-brejo,460,3038,/wiki/joao-botina-do-brejo,midias.php?tm=s&t=s&s=11106,midias.php?tm=f&t=s&s=11106
11108,Furnariidae,Anumbius annumbi,cochicho,350,6034,/wiki/cochicho,midias.php?tm=s&t=s&s=11108,midias.php?tm=f&t=s&s=11108
11109,Furnariidae,Coryphistera alaudina,corredor-crestudo,19,523,/wiki/corredor-crestudo,midias.php?tm=s&t=s&s=11109,midias.php?tm=f&t=s&s=11109
11100,Furnariidae,Asthenes baeri,lenheiro,53,616,/wiki/lenheiro,midias.php?tm=s&t=s&s=11100,midias.php?tm=f&t=s&s=11100
11101,Furnariidae,Asthenes luizae,lenheiro-da-serra-do-cipó,40,539,/wiki/lenheiro-da-serra-do-cipo,midias.php?tm=s&t=s&s=11101,midias.php?tm=f&t=s&s=11101
11098,Furnariidae,Asthenes hudsoni,joão-platino,21,399,/wiki/joao-platino,midias.php?tm=s&t=s&s=11098,midias.php?tm=f&t=s&s=11098
11061,Furnariidae,Asthenes moreirae,garrincha-chorona,84,919,/wiki/garrincha-chorona,midias.php?tm=s&t=s&s=11061,midias.php?tm=f&t=s&s=11061
11099,Furnariidae,Asthenes pyrrholeuca,lenheiro-de-rabo-comprido,8,65,/wiki/lenheiro-de-rabo-comprido,midias.php?tm=s&t=s&s=11099,midias.php?tm=f&t=s&s=11099
11111,Furnariidae,Acrobatornis fonsecai,acrobata,36,265,/wiki/acrobata,midias.php?tm=s&t=s&s=11111,midias.php?tm=f&t=s&s=11111
11110,Furnariidae,Metopothrix aurantiaca,joão-folheiro,15,137,/wiki/joao-folheiro,midias.php?tm=s&t=s&s=11110,midias.php?tm=f&t=s&s=11110
11112,Furnariidae,Roraimia adusta,joão-de-roraima,4,59,/wiki/joao-de-roraima,midias.php?tm=s&t=s&s=11112,midias.php?tm=f&t=s&s=11112
11096,Furnariidae,Thripophaga macroura,rabo-amarelo,60,628,/wiki/rabo-amarelo,midias.php?tm=s&t=s&s=11096,midias.php?tm=f&t=s&s=11096
11097,Furnariidae,Thripophaga fusciceps,joão-liso,19,137,/wiki/joao-liso,midias.php?tm=s&t=s&s=11097,midias.php?tm=f&t=s&s=11097
11093,Furnariidae,Limnoctites rectirostris,arredio-do-gravatá,65,1348,/wiki/arredio-do-gravata,midias.php?tm=s&t=s&s=11093,midias.php?tm=f&t=s&s=11093
11085,Furnariidae,Limnoctites sulphuriferus,arredio-de-papo-manchado,43,485,/wiki/arredio-de-papo-manchado,midias.php?tm=s&t=s&s=11085,midias.php?tm=f&t=s&s=11085
11083,Furnariidae,Cranioleuca vulpina,arredio-do-rio,372,3595,/wiki/arredio-do-rio,midias.php?tm=s&t=s&s=11083,midias.php?tm=f&t=s&s=11083
11084,Furnariidae,Cranioleuca vulpecula,arredio-de-peito-branco,12,233,/wiki/arredio-de-peito-branco,midias.php?tm=s&t=s&s=11084,midias.php?tm=f&t=s&s=11084
11086,Furnariidae,Cranioleuca pyrrhophia,arredio,60,794,/wiki/arredio,midias.php?tm=s&t=s&s=11086,midias.php?tm=f&t=s&s=11086
11087,Furnariidae,Cranioleuca obsoleta,arredio-oliváceo,325,3135,/wiki/arredio-olivaceo,midias.php?tm=s&t=s&s=11087,midias.php?tm=f&t=s&s=11087
11088,Furnariidae,Cranioleuca pallida,arredio-pálido,504,4841,/wiki/arredio-palido,midias.php?tm=s&t=s&s=11088,midias.php?tm=f&t=s&s=11088
11089,Furnariidae,Cranioleuca semicinerea,joão-de-cabeça-cinza,144,1122,/wiki/joao-de-cabeca-cinza,midias.php?tm=s&t=s&s=11089,midias.php?tm=f&t=s&s=11089
11090,Furnariidae,Cranioleuca demissa,joão-do-tepui,13,51,/wiki/joao-do-tepui,midias.php?tm=s&t=s&s=11090,midias.php?tm=f&t=s&s=11090
11091,Furnariidae,Cranioleuca gutturata,joão-pintado,25,189,/wiki/joao-pintado,midias.php?tm=s&t=s&s=11091,midias.php?tm=f&t=s&s=11091
11092,Furnariidae,Cranioleuca muelleri,joão-escamoso,16,124,/wiki/joao-escamoso,midias.php?tm=s&t=s&s=11092,midias.php?tm=f&t=s&s=11092
11060,Furnariidae,Spartonoica maluroides,boininha,74,885,/wiki/boininha,midias.php?tm=s&t=s&s=11060,midias.php?tm=f&t=s&s=11060
11113,Furnariidae,Pseudoseisura cristata,casaca-de-couro,202,4274,/wiki/casaca-de-couro,midias.php?tm=s&t=s&s=11113,midias.php?tm=f&t=s&s=11113
11114,Furnariidae,Pseudoseisura unirufa,casaca-de-couro-de-crista-cinza,42,1540,/wiki/casaca-de-couro-de-crista-cinza,midias.php?tm=s&t=s&s=11114,midias.php?tm=f&t=s&s=11114
11115,Furnariidae,Pseudoseisura lophotes,coperete,55,843,/wiki/coperete,midias.php?tm=s&t=s&s=11115,midias.php?tm=f&t=s&s=11115
11094,Furnariidae,Certhiaxis cinnamomeus,curutié,782,16384,/wiki/curutie,midias.php?tm=s&t=s&s=11094,midias.php?tm=f&t=s&s=11094
11095,Furnariidae,Certhiaxis mustelinus,joão-da-canarana,22,376,/wiki/joao-da-canarana,midias.php?tm=s&t=s&s=11095,midias.php?tm=f&t=s&s=11095
11074,Furnariidae,Mazaria propinqua,joão-de-barriga-branca,28,243,/wiki/joao-de-barriga-branca,midias.php?tm=s&t=s&s=11074,midias.php?tm=f&t=s&s=11074
11062,Furnariidae,Schoeniophylax phryganophilus,bichoita,180,3455,/wiki/bichoita,midias.php?tm=s&t=s&s=11062,midias.php?tm=f&t=s&s=11062
11080,Furnariidae,Synallaxis scutata,estrelinha-preta,408,1216,/wiki/estrelinha-preta,midias.php?tm=s&t=s&s=11080,midias.php?tm=f&t=s&s=11080
11066,Furnariidae,Synallaxis cinerascens,pi-puí,853,1799,/wiki/pi-pui,midias.php?tm=s&t=s&s=11066,midias.php?tm=f&t=s&s=11066
11077,Furnariidae,Synallaxis gujanensis,joão-teneném-becuá,134,539,/wiki/joao-tenenem-becua,midias.php?tm=s&t=s&s=11077,midias.php?tm=f&t=s&s=11077
11079,Furnariidae,Synallaxis simoni,joão-do-araguaia,38,175,/wiki/joao-do-araguaia,midias.php?tm=s&t=s&s=11079,midias.php?tm=f&t=s&s=11079
11078,Furnariidae,Synallaxis albilora,joão-do-pantanal,89,832,/wiki/joao-do-pantanal,midias.php?tm=s&t=s&s=11078,midias.php?tm=f&t=s&s=11078
11082,Furnariidae,Synallaxis hellmayri,joão-xique-xique,142,1094,/wiki/joao-xique-xique,midias.php?tm=s&t=s&s=11082,midias.php?tm=f&t=s&s=11082
11076,Furnariidae,Synallaxis sp.,joão-do-norte,29,59,/wiki/joao-do-norte,midias.php?tm=s&t=s&s=11076,midias.php?tm=f&t=s&s=11076
11063,Furnariidae,Synallaxis ruficapilla,pichororé,1066,6176,/wiki/pichorore,midias.php?tm=s&t=s&s=11063,midias.php?tm=f&t=s&s=11063
11064,Furnariidae,Synallaxis cinerea,joão-baiano,68,317,/wiki/joao-baiano,midias.php?tm=s&t=s&s=11064,midias.php?tm=f&t=s&s=11064
11065,Furnariidae,Synallaxis infuscata,tatac,67,248,/wiki/tatac,midias.php?tm=s&t=s&s=11065,midias.php?tm=f&t=s&s=11065
11075,Furnariidae,Synallaxis macconnelli,joão-escuro,16,67,/wiki/joao-escuro,midias.php?tm=s&t=s&s=11075,midias.php?tm=f&t=s&s=11075
11071,Furnariidae,Synallaxis hypospodia,joão-grilo,163,830,/wiki/joao-grilo,midias.php?tm=s&t=s&s=11071,midias.php?tm=f&t=s&s=11071
11070,Furnariidae,Synallaxis spixi,joão-teneném,1297,7722,/wiki/joao-tenenem,midias.php?tm=s&t=s&s=11070,midias.php?tm=f&t=s&s=11070
11069,Furnariidae,Synallaxis albigularis,joão-de-peito-escuro,25,322,/wiki/joao-de-peito-escuro,midias.php?tm=s&t=s&s=11069,midias.php?tm=f&t=s&s=11069
11068,Furnariidae,Synallaxis albescens,uí-pi,733,4015,/wiki/ui-pi,midias.php?tm=s&t=s&s=11068,midias.php?tm=f&t=s&s=11068
11067,Furnariidae,Synallaxis frontalis,petrim,1423,7306,/wiki/petrim,midias.php?tm=s&t=s&s=11067,midias.php?tm=f&t=s&s=11067
11081,Furnariidae,Synallaxis kollari,joão-de-barba-grisalha,37,236,/wiki/joao-de-barba-grisalha,midias.php?tm=s&t=s&s=11081,midias.php?tm=f&t=s&s=11081
11072,Furnariidae,Synallaxis rutilans,joão-teneném-castanho,106,320,/wiki/joao-tenenem-castanho,midias.php?tm=s&t=s&s=11072,midias.php?tm=f&t=s&s=11072
11073,Furnariidae,Synallaxis cherriei,puruchém,38,105,/wiki/puruchem,midias.php?tm=s&t=s&s=11073,midias.php?tm=f&t=s&s=11073
11392,Pipridae,Neopelma pallescens,fruxu-do-cerradão,347,2644,/wiki/fruxu-do-cerradao,midias.php?tm=s&t=s&s=11392,midias.php?tm=f&t=s&s=11392
11393,Pipridae,Neopelma chrysocephalum,fruxu-do-carrasco,68,165,/wiki/fruxu-do-carrasco,midias.php?tm=s&t=s&s=11393,midias.php?tm=f&t=s&s=11393
11394,Pipridae,Neopelma aurifrons,fruxu-baiano,105,472,/wiki/fruxu-baiano,midias.php?tm=s&t=s&s=11394,midias.php?tm=f&t=s&s=11394
11395,Pipridae,Neopelma chrysolophum,fruxu,234,1645,/wiki/fruxu,midias.php?tm=s&t=s&s=11395,midias.php?tm=f&t=s&s=11395
11396,Pipridae,Neopelma sulphureiventer,fruxu-de-barriga-amarela,28,113,/wiki/fruxu-de-barriga-amarela,midias.php?tm=s&t=s&s=11396,midias.php?tm=f&t=s&s=11396
11397,Pipridae,Tyranneutes stolzmanni,uirapuruzinho,240,850,/wiki/uirapuruzinho,midias.php?tm=s&t=s&s=11397,midias.php?tm=f&t=s&s=11397
11398,Pipridae,Tyranneutes virescens,uirapuruzinho-do-norte,45,160,/wiki/uirapuruzinho-do-norte,midias.php?tm=s&t=s&s=11398,midias.php?tm=f&t=s&s=11398
12087,Pipridae,Chiroxiphia napensis,tangará-príncipe-do-oeste,4,1,/wiki/tangara-principe-do-oeste,midias.php?tm=s&t=s&s=12087,midias.php?tm=f&t=s&s=12087
11401,Pipridae,Ilicura militaris,tangarazinho,340,7065,/wiki/tangarazinho,midias.php?tm=s&t=s&s=11401,midias.php?tm=f&t=s&s=11401
11402,Pipridae,Corapipo gutturalis,dançarino-de-garganta-branca,14,268,/wiki/dancarino-de-garganta-branca,midias.php?tm=s&t=s&s=11402,midias.php?tm=f&t=s&s=11402
11415,Pipridae,Chiroxiphia pareola,tangará-príncipe,343,2607,/wiki/tangara-principe,midias.php?tm=s&t=s&s=11415,midias.php?tm=f&t=s&s=11415
12048,Pipridae,Chiroxiphia regina,tangará-de-coroa-amarela,49,213,/wiki/tangara-de-coroa-amarela,midias.php?tm=s&t=s&s=12048,midias.php?tm=f&t=s&s=12048
11416,Pipridae,Chiroxiphia caudata,tangará,1867,15798,/wiki/tangara,midias.php?tm=s&t=s&s=11416,midias.php?tm=f&t=s&s=11416
11413,Pipridae,Antilophia bokermanni,soldadinho-do-araripe,78,1336,/wiki/soldadinho-do-araripe,midias.php?tm=s&t=s&s=11413,midias.php?tm=f&t=s&s=11413
11414,Pipridae,Antilophia galeata,soldadinho,583,8906,/wiki/soldadinho,midias.php?tm=s&t=s&s=11414,midias.php?tm=f&t=s&s=11414
11417,Pipridae,Xenopipo uniformis,dançarino-oliváceo,2,37,/wiki/dancarino-olivaceo,midias.php?tm=s&t=s&s=11417,midias.php?tm=f&t=s&s=11417
11418,Pipridae,Xenopipo atronitens,pretinho,52,405,/wiki/pretinho,midias.php?tm=s&t=s&s=11418,midias.php?tm=f&t=s&s=11418
11406,Pipridae,Lepidothrix coronata,uirapuru-de-chapéu-azul,48,612,/wiki/uirapuru-de-chapeu-azul,midias.php?tm=s&t=s&s=11406,midias.php?tm=f&t=s&s=11406
11407,Pipridae,Lepidothrix nattereri,uirapuru-de-chapéu-branco,64,527,/wiki/uirapuru-de-chapeu-branco,midias.php?tm=s&t=s&s=11407,midias.php?tm=f&t=s&s=11407
11408,Pipridae,Lepidothrix vilasboasi,dançador-de-coroa-dourada,7,47,/wiki/dancador-de-coroa-dourada,midias.php?tm=s&t=s&s=11408,midias.php?tm=f&t=s&s=11408
11409,Pipridae,Lepidothrix iris,cabeça-de-prata,41,267,/wiki/cabeca-de-prata,midias.php?tm=s&t=s&s=11409,midias.php?tm=f&t=s&s=11409
11410,Pipridae,Lepidothrix serena,uirapuru-estrela,52,242,/wiki/uirapuru-estrela,midias.php?tm=s&t=s&s=11410,midias.php?tm=f&t=s&s=11410
11411,Pipridae,Lepidothrix suavissima,dançador-do-tepui,4,53,/wiki/dancador-do-tepui,midias.php?tm=s&t=s&s=11411,midias.php?tm=f&t=s&s=11411
11412,Pipridae,Manacus manacus,rendeira,745,9921,/wiki/rendeira,midias.php?tm=s&t=s&s=11412,midias.php?tm=f&t=s&s=11412
11419,Pipridae,Heterocercus aurantiivertex,dançarino-de-crista-laranja,6,32,/wiki/dancarino-de-crista-laranja,midias.php?tm=s&t=s&s=11419,midias.php?tm=f&t=s&s=11419
11420,Pipridae,Heterocercus flavivertex,dançarino-de-crista-amarela,28,242,/wiki/dancarino-de-crista-amarela,midias.php?tm=s&t=s&s=11420,midias.php?tm=f&t=s&s=11420
11421,Pipridae,Heterocercus linteatus,coroa-de-fogo,24,540,/wiki/coroa-de-fogo,midias.php?tm=s&t=s&s=11421,midias.php?tm=f&t=s&s=11421
11423,Pipridae,Pipra aureola,uirapuru-vermelho,21,424,/wiki/uirapuru-vermelho,midias.php?tm=s&t=s&s=11423,midias.php?tm=f&t=s&s=11423
11424,Pipridae,Pipra filicauda,rabo-de-arame,33,910,/wiki/rabo-de-arame,midias.php?tm=s&t=s&s=11424,midias.php?tm=f&t=s&s=11424
11425,Pipridae,Pipra fasciicauda,uirapuru-laranja,211,4111,/wiki/uirapuru-laranja,midias.php?tm=s&t=s&s=11425,midias.php?tm=f&t=s&s=11425
11403,Pipridae,Machaeropterus regulus,tangará-rajado,99,1321,/wiki/tangara-rajado,midias.php?tm=s&t=s&s=11403,midias.php?tm=f&t=s&s=11403
11404,Pipridae,Machaeropterus striolatus,tangará-riscado,20,114,/wiki/tangara-riscado,midias.php?tm=s&t=s&s=11404,midias.php?tm=f&t=s&s=11404
11405,Pipridae,Machaeropterus pyrocephalus,uirapuru-cigarra,109,783,/wiki/uirapuru-cigarra,midias.php?tm=s&t=s&s=11405,midias.php?tm=f&t=s&s=11405
11422,Pipridae,Pseudopipra pipra,cabeça-branca,89,2335,/wiki/cabeca-branca,midias.php?tm=s&t=s&s=11422,midias.php?tm=f&t=s&s=11422
11426,Pipridae,Ceratopipra cornuta,dançador-de-crista,5,54,/wiki/dancador-de-crista,midias.php?tm=s&t=s&s=11426,midias.php?tm=f&t=s&s=11426
11427,Pipridae,Ceratopipra erythrocephala,cabeça-de-ouro,80,781,/wiki/cabeca-de-ouro,midias.php?tm=s&t=s&s=11427,midias.php?tm=f&t=s&s=11427
11428,Pipridae,Ceratopipra rubrocapilla,cabeça-encarnada,249,3222,/wiki/cabeca-encarnada,midias.php?tm=s&t=s&s=11428,midias.php?tm=f&t=s&s=11428
11429,Pipridae,Ceratopipra chloromeros,dançador-de-cauda-graduada,3,12,/wiki/dancador-de-cauda-graduada,midias.php?tm=s&t=s&s=11429,midias.php?tm=f&t=s&s=11429
11367,Cotingidae,Pipreola whitelyi,anambé-dos-tepuis,5,68,/wiki/anambe-dos-tepuis,midias.php?tm=s&t=s&s=11367,midias.php?tm=f&t=s&s=11367
11365,Cotingidae,Carpornis cucullata,corocoxó,344,3890,/wiki/corocoxo,midias.php?tm=s&t=s&s=11365,midias.php?tm=f&t=s&s=11365
11366,Cotingidae,Carpornis melanocephala,sabiá-pimenta,89,1388,/wiki/sabia-pimenta,midias.php?tm=s&t=s&s=11366,midias.php?tm=f&t=s&s=11366
11361,Cotingidae,Rupicola rupicola,galo-da-serra,75,1672,/wiki/galo-da-serra,midias.php?tm=s&t=s&s=11361,midias.php?tm=f&t=s&s=11361
11362,Cotingidae,Phoenicircus carnifex,saurá,43,504,/wiki/saura,midias.php?tm=s&t=s&s=11362,midias.php?tm=f&t=s&s=11362
11363,Cotingidae,Phoenicircus nigricollis,saurá-de-pescoço-preto,30,155,/wiki/saura-de-pescoco-preto,midias.php?tm=s&t=s&s=11363,midias.php?tm=f&t=s&s=11363
11360,Cotingidae,Phytotoma rutila,corta-ramos,6,459,/wiki/corta-ramos,midias.php?tm=s&t=s&s=11360,midias.php?tm=f&t=s&s=11360
11364,Cotingidae,Phibalura flavirostris,tesourinha-da-mata,19,2331,/wiki/tesourinha-da-mata,midias.php?tm=s&t=s&s=11364,midias.php?tm=f&t=s&s=11364
11388,Cotingidae,Haematoderus militaris,anambé-militar,5,163,/wiki/anambe-militar,midias.php?tm=s&t=s&s=11388,midias.php?tm=f&t=s&s=11388
11387,Cotingidae,Querula purpurata,anambé-una,143,1422,/wiki/anambe-una,midias.php?tm=s&t=s&s=11387,midias.php?tm=f&t=s&s=11387
11389,Cotingidae,Pyroderus scutatus,pavó,110,3673,/wiki/pavo,midias.php?tm=s&t=s&s=11389,midias.php?tm=f&t=s&s=11389
11390,Cotingidae,Perissocephalus tricolor,maú,71,463,/wiki/mau,midias.php?tm=s&t=s&s=11390,midias.php?tm=f&t=s&s=11390
11391,Cotingidae,Cephalopterus ornatus,anambé-preto,13,488,/wiki/anambe-preto,midias.php?tm=s&t=s&s=11391,midias.php?tm=f&t=s&s=11391
11380,Cotingidae,Lipaugus streptophorus,cricrió-de-cinta-vermelha,5,44,/wiki/cricrio-de-cinta-vermelha,midias.php?tm=s&t=s&s=11380,midias.php?tm=f&t=s&s=11380
11378,Cotingidae,Lipaugus vociferans,cricrió,627,1905,/wiki/cricrio,midias.php?tm=s&t=s&s=11378,midias.php?tm=f&t=s&s=11378
11379,Cotingidae,Lipaugus lanioides,tropeiro-da-serra,127,1504,/wiki/tropeiro-da-serra,midias.php?tm=s&t=s&s=11379,midias.php?tm=f&t=s&s=11379
11375,Cotingidae,Lipaugus ater,saudade,222,1148,/wiki/saudade,midias.php?tm=s&t=s&s=11375,midias.php?tm=f&t=s&s=11375
11376,Cotingidae,Lipaugus conditus,saudade-de-asa-cinza,25,222,/wiki/saudade-de-asa-cinza,midias.php?tm=s&t=s&s=11376,midias.php?tm=f&t=s&s=11376
11372,Cotingidae,Procnias albus,araponga-da-amazônia,76,351,/wiki/araponga-da-amazonia,midias.php?tm=s&t=s&s=11372,midias.php?tm=f&t=s&s=11372
11373,Cotingidae,Procnias averano,araponga-do-nordeste,168,438,/wiki/araponga-do-nordeste,midias.php?tm=s&t=s&s=11373,midias.php?tm=f&t=s&s=11373
11374,Cotingidae,Procnias nudicollis,araponga,1015,4969,/wiki/araponga,midias.php?tm=s&t=s&s=11374,midias.php?tm=f&t=s&s=11374
11368,Cotingidae,Cotinga maynana,anambé-turquesa,2,77,/wiki/anambe-turquesa,midias.php?tm=s&t=s&s=11368,midias.php?tm=f&t=s&s=11368
11371,Cotingidae,Cotinga cayana,anambé-azul,9,1633,/wiki/anambe-azul,midias.php?tm=s&t=s&s=11371,midias.php?tm=f&t=s&s=11371
11369,Cotingidae,Cotinga cotinga,anambé-de-peito-roxo,4,518,/wiki/anambe-de-peito-roxo,midias.php?tm=s&t=s&s=11369,midias.php?tm=f&t=s&s=11369
11370,Cotingidae,Cotinga maculata,crejoá,5,460,/wiki/crejoa,midias.php?tm=s&t=s&s=11370,midias.php?tm=f&t=s&s=11370
11382,Cotingidae,Porphyrolaema porphyrolaema,anambé-de-garganta-encarnada,3,96,/wiki/anambe-de-garganta-encarnada,midias.php?tm=s&t=s&s=11382,midias.php?tm=f&t=s&s=11382
11386,Cotingidae,Gymnoderus foetidus,anambé-pombo,1,1353,/wiki/anambe-pombo,midias.php?tm=s&t=s&s=11386,midias.php?tm=f&t=s&s=11386
11381,Cotingidae,Conioptilon mcilhennyi,anambé-de-cara-preta,24,335,/wiki/anambe-de-cara-preta,midias.php?tm=s&t=s&s=11381,midias.php?tm=f&t=s&s=11381
11383,Cotingidae,Xipholena punicea,anambé-roxo,42,1114,/wiki/anambe-roxo,midias.php?tm=s&t=s&s=11383,midias.php?tm=f&t=s&s=11383
11384,Cotingidae,Xipholena lamellipennis,anambé-de-rabo-branco,18,307,/wiki/anambe-de-rabo-branco,midias.php?tm=s&t=s&s=11384,midias.php?tm=f&t=s&s=11384
11385,Cotingidae,Xipholena atropurpurea,anambé-de-asa-branca,26,772,/wiki/anambe-de-asa-branca,midias.php?tm=s&t=s&s=11385,midias.php?tm=f&t=s&s=11385
11431,Tityridae,Schiffornis major,flautim-ruivo,39,235,/wiki/flautim-ruivo,midias.php?tm=s&t=s&s=11431,midias.php?tm=f&t=s&s=11431
11433,Tityridae,Schiffornis virescens,flautim,876,3630,/wiki/flautim,midias.php?tm=s&t=s&s=11433,midias.php?tm=f&t=s&s=11433
11432,Tityridae,Schiffornis turdina,flautim-marrom,215,973,/wiki/flautim-marrom,midias.php?tm=s&t=s&s=11432,midias.php?tm=f&t=s&s=11432
11819,Tityridae,Schiffornis olivacea,flautim-oliváceo,31,98,/wiki/flautim-olivaceo,midias.php?tm=s&t=s&s=11819,midias.php?tm=f&t=s&s=11819
11820,Tityridae,Schiffornis amazonum,flautim-da-amazônia,13,104,/wiki/flautim-da-amazonia,midias.php?tm=s&t=s&s=11820,midias.php?tm=f&t=s&s=11820
11434,Tityridae,Laniocera hypopyrra,chorona-cinza,98,436,/wiki/chorona-cinza,midias.php?tm=s&t=s&s=11434,midias.php?tm=f&t=s&s=11434
11435,Tityridae,Laniisoma elegans,chibante,81,426,/wiki/chibante,midias.php?tm=s&t=s&s=11435,midias.php?tm=f&t=s&s=11435
11436,Tityridae,Iodopleura isabellae,anambé-de-coroa,35,826,/wiki/anambe-de-coroa,midias.php?tm=s&t=s&s=11436,midias.php?tm=f&t=s&s=11436
11437,Tityridae,Iodopleura fusca,anambé-fusco,5,75,/wiki/anambe-fusco,midias.php?tm=s&t=s&s=11437,midias.php?tm=f&t=s&s=11437
11438,Tityridae,Iodopleura pipra,anambezinho,77,1331,/wiki/anambezinho,midias.php?tm=s&t=s&s=11438,midias.php?tm=f&t=s&s=11438
11439,Tityridae,Tityra inquisitor,anambé-branco-de-bochecha-parda,114,5189,/wiki/anambe-branco-de-bochecha-parda,midias.php?tm=s&t=s&s=11439,midias.php?tm=f&t=s&s=11439
11440,Tityridae,Tityra cayana,anambé-branco-de-rabo-preto,200,6186,/wiki/anambe-branco-de-rabo-preto,midias.php?tm=s&t=s&s=11440,midias.php?tm=f&t=s&s=11440
11441,Tityridae,Tityra semifasciata,anambé-branco-de-máscara-negra,84,2702,/wiki/anambe-branco-de-mascara-negra,midias.php?tm=s&t=s&s=11441,midias.php?tm=f&t=s&s=11441
11442,Tityridae,Pachyramphus viridis,caneleiro-verde,428,5109,/wiki/caneleiro-verde,midias.php?tm=s&t=s&s=11442,midias.php?tm=f&t=s&s=11442
11826,Tityridae,Pachyramphus xanthogenys,caneleiro-de-cara-amarela,14,235,/wiki/caneleiro-de-cara-amarela,midias.php?tm=s&t=s&s=11826,midias.php?tm=f&t=s&s=11826
11443,Tityridae,Pachyramphus rufus,caneleiro-cinzento,52,1262,/wiki/caneleiro-cinzento,midias.php?tm=s&t=s&s=11443,midias.php?tm=f&t=s&s=11443
11444,Tityridae,Pachyramphus castaneus,caneleiro,349,6993,/wiki/caneleiro,midias.php?tm=s&t=s&s=11444,midias.php?tm=f&t=s&s=11444
11445,Tityridae,Pachyramphus polychopterus,caneleiro-preto,832,8938,/wiki/caneleiro-preto,midias.php?tm=s&t=s&s=11445,midias.php?tm=f&t=s&s=11445
11446,Tityridae,Pachyramphus marginatus,caneleiro-bordado,161,1543,/wiki/caneleiro-bordado,midias.php?tm=s&t=s&s=11446,midias.php?tm=f&t=s&s=11446
11447,Tityridae,Pachyramphus surinamus,caneleiro-da-guiana,21,318,/wiki/caneleiro-da-guiana,midias.php?tm=s&t=s&s=11447,midias.php?tm=f&t=s&s=11447
11448,Tityridae,Pachyramphus minor,caneleiro-pequeno,43,840,/wiki/caneleiro-pequeno,midias.php?tm=s&t=s&s=11448,midias.php?tm=f&t=s&s=11448
11449,Tityridae,Pachyramphus validus,caneleiro-de-chapéu-preto,387,10340,/wiki/caneleiro-de-chapeu-preto,midias.php?tm=s&t=s&s=11449,midias.php?tm=f&t=s&s=11449
11450,Tityridae,Xenopsaris albinucha,tijerila,80,1754,/wiki/tijerila,midias.php?tm=s&t=s&s=11450,midias.php?tm=f&t=s&s=11450
11430,Oxyruncidae,Oxyruncus cristatus,araponga-do-horto,162,2186,/wiki/araponga-do-horto,midias.php?tm=s&t=s&s=11430,midias.php?tm=f&t=s&s=11430
11271,Onychorhynchidae,Onychorhynchus coronatus,maria-leque,54,445,/wiki/maria-leque,midias.php?tm=s&t=s&s=11271,midias.php?tm=f&t=s&s=11271
11272,Onychorhynchidae,Onychorhynchus swainsoni,maria-leque-do-sudeste,57,2030,/wiki/maria-leque-do-sudeste,midias.php?tm=s&t=s&s=11272,midias.php?tm=f&t=s&s=11272
11277,Onychorhynchidae,Terenotriccus erythrurus,papa-moscas-uirapuru,52,570,/wiki/papa-moscas-uirapuru,midias.php?tm=s&t=s&s=11277,midias.php?tm=f&t=s&s=11277
11275,Onychorhynchidae,Myiobius barbatus,assanhadinho,64,2478,/wiki/assanhadinho,midias.php?tm=s&t=s&s=11275,midias.php?tm=f&t=s&s=11275
11276,Onychorhynchidae,Myiobius atricaudus,assanhadinho-de-cauda-preta,45,1722,/wiki/assanhadinho-de-cauda-preta,midias.php?tm=s&t=s&s=11276,midias.php?tm=f&t=s&s=11276
11399,Pipritidae,Piprites chloris,papinho-amarelo,308,1546,/wiki/papinho-amarelo,midias.php?tm=s&t=s&s=11399,midias.php?tm=f&t=s&s=11399
11400,Pipritidae,Piprites pileata,caneleirinho-de-chapéu-preto,100,1536,/wiki/caneleirinho-de-chapeu-preto,midias.php?tm=s&t=s&s=11400,midias.php?tm=f&t=s&s=11400
11278,Platyrinchidae,Neopipo cinnamomea,enferrujadinho,33,107,/wiki/enferrujadinho,midias.php?tm=s&t=s&s=11278,midias.php?tm=f&t=s&s=11278
11266,Platyrinchidae,Platyrinchus saturatus,patinho-escuro,14,50,/wiki/patinho-escuro,midias.php?tm=s&t=s&s=11266,midias.php?tm=f&t=s&s=11266
11267,Platyrinchidae,Platyrinchus mystaceus,patinho,799,6605,/wiki/patinho,midias.php?tm=s&t=s&s=11267,midias.php?tm=f&t=s&s=11267
11268,Platyrinchidae,Platyrinchus coronatus,patinho-de-coroa-dourada,22,173,/wiki/patinho-de-coroa-dourada,midias.php?tm=s&t=s&s=11268,midias.php?tm=f&t=s&s=11268
11269,Platyrinchidae,Platyrinchus platyrhynchos,patinho-de-coroa-branca,67,313,/wiki/patinho-de-coroa-branca,midias.php?tm=s&t=s&s=11269,midias.php?tm=f&t=s&s=11269
11270,Platyrinchidae,Platyrinchus leucoryphus,patinho-de-asa-castanha,155,629,/wiki/patinho-de-asa-castanha,midias.php?tm=s&t=s&s=11270,midias.php?tm=f&t=s&s=11270
11255,Tachurisidae,Tachuris rubrigastra,papa-piri,78,2272,/wiki/papa-piri,midias.php?tm=s&t=s&s=11255,midias.php?tm=f&t=s&s=11255
,Rhynchocyclidae,Mionectes amazonus,abre-asa-do-acre,0,2,/wiki/abre-asa-do-acre,,midias.php?tm=f&t=s&s=11818
11150,Rhynchocyclidae,Mionectes oleagineus,abre-asa,101,1221,/wiki/abre-asa,midias.php?tm=s&t=s&s=11150,midias.php?tm=f&t=s&s=11150
11985,Rhynchocyclidae,Mionectes roraimae,abre-asa-do-tepui,2,31,/wiki/abre-asa-do-tepui,midias.php?tm=s&t=s&s=11985,midias.php?tm=f&t=s&s=11985
11151,Rhynchocyclidae,Mionectes macconnelli,abre-asa-da-mata,18,261,/wiki/abre-asa-da-mata,midias.php?tm=s&t=s&s=11151,midias.php?tm=f&t=s&s=11151
11152,Rhynchocyclidae,Mionectes rufiventris,abre-asa-de-cabeça-cinza,295,6661,/wiki/abre-asa-de-cabeca-cinza,midias.php?tm=s&t=s&s=11152,midias.php?tm=f&t=s&s=11152
11153,Rhynchocyclidae,Leptopogon amaurocephalus,cabeçudo,533,10307,/wiki/cabecudo,midias.php?tm=s&t=s&s=11153,midias.php?tm=f&t=s&s=11153
11154,Rhynchocyclidae,Corythopis torquatus,estalador-do-norte,97,221,/wiki/estalador-do-norte,midias.php?tm=s&t=s&s=11154,midias.php?tm=f&t=s&s=11154
11155,Rhynchocyclidae,Corythopis delalandi,estalador,895,3649,/wiki/estalador,midias.php?tm=s&t=s&s=11155,midias.php?tm=f&t=s&s=11155
11237,Rhynchocyclidae,Phylloscartes chapmani,barbudinho-do-tepui,2,5,/wiki/barbudinho-do-tepui,midias.php?tm=s&t=s&s=11237,midias.php?tm=f&t=s&s=11237
11238,Rhynchocyclidae,Phylloscartes eximius,barbudinho,176,1345,/wiki/barbudinho,midias.php?tm=s&t=s&s=11238,midias.php?tm=f&t=s&s=11238
11239,Rhynchocyclidae,Phylloscartes ventralis,borboletinha-do-mato,342,6082,/wiki/borboletinha-do-mato,midias.php?tm=s&t=s&s=11239,midias.php?tm=f&t=s&s=11239
11241,Rhynchocyclidae,Phylloscartes kronei,maria-da-restinga,172,1777,/wiki/maria-da-restinga,midias.php?tm=s&t=s&s=11241,midias.php?tm=f&t=s&s=11241
11242,Rhynchocyclidae,Phylloscartes beckeri,borboletinha-baiana,39,233,/wiki/borboletinha-baiana,midias.php?tm=s&t=s&s=11242,midias.php?tm=f&t=s&s=11242
11243,Rhynchocyclidae,Phylloscartes virescens,borboletinha-guianense,14,92,/wiki/borboletinha-guianense,midias.php?tm=s&t=s&s=11243,midias.php?tm=f&t=s&s=11243
11244,Rhynchocyclidae,Phylloscartes nigrifrons,maria-de-testa-preta,3,11,/wiki/maria-de-testa-preta,midias.php?tm=s&t=s&s=11244,midias.php?tm=f&t=s&s=11244
11240,Rhynchocyclidae,Phylloscartes ceciliae,cara-pintada,29,321,/wiki/cara-pintada,midias.php?tm=s&t=s&s=11240,midias.php?tm=f&t=s&s=11240
11245,Rhynchocyclidae,Phylloscartes roquettei,cara-dourada,66,538,/wiki/cara-dourada,midias.php?tm=s&t=s&s=11245,midias.php?tm=f&t=s&s=11245
11246,Rhynchocyclidae,Phylloscartes paulista,não-pode-parar,76,1167,/wiki/nao-pode-parar,midias.php?tm=s&t=s&s=11246,midias.php?tm=f&t=s&s=11246
11247,Rhynchocyclidae,Phylloscartes oustaleti,papa-moscas-de-olheiras,144,1437,/wiki/papa-moscas-de-olheiras,midias.php?tm=s&t=s&s=11247,midias.php?tm=f&t=s&s=11247
11248,Rhynchocyclidae,Phylloscartes difficilis,estalinho,174,1279,/wiki/estalinho,midias.php?tm=s&t=s&s=11248,midias.php?tm=f&t=s&s=11248
11249,Rhynchocyclidae,Phylloscartes sylviolus,maria-pequena,89,801,/wiki/maria-pequena,midias.php?tm=s&t=s&s=11249,midias.php?tm=f&t=s&s=11249
11261,Rhynchocyclidae,Rhynchocyclus olivaceus,bico-chato-grande,68,612,/wiki/bico-chato-grande,midias.php?tm=s&t=s&s=11261,midias.php?tm=f&t=s&s=11261
11262,Rhynchocyclidae,Tolmomyias sulphurescens,bico-chato-de-orelha-preta,1419,12077,/wiki/bico-chato-de-orelha-preta,midias.php?tm=s&t=s&s=11262,midias.php?tm=f&t=s&s=11262
11263,Rhynchocyclidae,Tolmomyias assimilis,bico-chato-da-copa,98,571,/wiki/bico-chato-da-copa,midias.php?tm=s&t=s&s=11263,midias.php?tm=f&t=s&s=11263
11947,Rhynchocyclidae,Tolmomyias sucunduri,bico-chato-do-sucunduri,1,1,/wiki/bico-chato-do-sucunduri,midias.php?tm=s&t=s&s=11947,midias.php?tm=f&t=s&s=11947
11264,Rhynchocyclidae,Tolmomyias poliocephalus,bico-chato-de-cabeça-cinza,215,1515,/wiki/bico-chato-de-cabeca-cinza,midias.php?tm=s&t=s&s=11264,midias.php?tm=f&t=s&s=11264
11265,Rhynchocyclidae,Tolmomyias flaviventris,bico-chato-amarelo,582,4912,/wiki/bico-chato-amarelo,midias.php?tm=s&t=s&s=11265,midias.php?tm=f&t=s&s=11265
11184,Rhynchocyclidae,Taeniotriccus andrei,maria-bonita,39,336,/wiki/maria-bonita,midias.php?tm=s&t=s&s=11184,midias.php?tm=f&t=s&s=11184
11259,Rhynchocyclidae,Cnipodectes subbrunneus,flautim-pardo,43,194,/wiki/flautim-pardo,midias.php?tm=s&t=s&s=11259,midias.php?tm=f&t=s&s=11259
11260,Rhynchocyclidae,Cnipodectes superrufus,flautim-rufo,17,130,/wiki/flautim-rufo,midias.php?tm=s&t=s&s=11260,midias.php?tm=f&t=s&s=11260
11185,Rhynchocyclidae,Todirostrum maculatum,ferreirinho-estriado,152,2533,/wiki/ferreirinho-estriado,midias.php?tm=s&t=s&s=11185,midias.php?tm=f&t=s&s=11185
11186,Rhynchocyclidae,Todirostrum poliocephalum,teque-teque,707,9090,/wiki/teque-teque,midias.php?tm=s&t=s&s=11186,midias.php?tm=f&t=s&s=11186
11187,Rhynchocyclidae,Todirostrum cinereum,ferreirinho-relógio,780,17303,/wiki/ferreirinho-relogio,midias.php?tm=s&t=s&s=11187,midias.php?tm=f&t=s&s=11187
11188,Rhynchocyclidae,Todirostrum pictum,ferreirinho-pintado,62,412,/wiki/ferreirinho-pintado,midias.php?tm=s&t=s&s=11188,midias.php?tm=f&t=s&s=11188
11189,Rhynchocyclidae,Todirostrum chrysocrotaphum,ferreirinho-de-sobrancelha,80,976,/wiki/ferreirinho-de-sobrancelha,midias.php?tm=s&t=s&s=11189,midias.php?tm=f&t=s&s=11189
11823,Rhynchocyclidae,Poecilotriccus albifacies,ferreirinho-de-cara-branca,7,46,/wiki/ferreirinho-de-cara-branca,midias.php?tm=s&t=s&s=11823,midias.php?tm=f&t=s&s=11823
11177,Rhynchocyclidae,Poecilotriccus capitalis,maria-picaça,32,169,/wiki/maria-picaca,midias.php?tm=s&t=s&s=11177,midias.php?tm=f&t=s&s=11177
11178,Rhynchocyclidae,Poecilotriccus senex,maria-do-madeira,17,109,/wiki/maria-do-madeira,midias.php?tm=s&t=s&s=11178,midias.php?tm=f&t=s&s=11178
11179,Rhynchocyclidae,Poecilotriccus russatus,ferreirinho-ferrugem,2,38,/wiki/ferreirinho-ferrugem,midias.php?tm=s&t=s&s=11179,midias.php?tm=f&t=s&s=11179
11180,Rhynchocyclidae,Poecilotriccus plumbeiceps,tororó,590,5918,/wiki/tororo,midias.php?tm=s&t=s&s=11180,midias.php?tm=f&t=s&s=11180
11181,Rhynchocyclidae,Poecilotriccus fumifrons,ferreirinho-de-testa-parda,71,686,/wiki/ferreirinho-de-testa-parda,midias.php?tm=s&t=s&s=11181,midias.php?tm=f&t=s&s=11181
11182,Rhynchocyclidae,Poecilotriccus latirostris,ferreirinho-de-cara-parda,241,2041,/wiki/ferreirinho-de-cara-parda,midias.php?tm=s&t=s&s=11182,midias.php?tm=f&t=s&s=11182
11183,Rhynchocyclidae,Poecilotriccus sylvia,ferreirinho-da-capoeira,81,511,/wiki/ferreirinho-da-capoeira,midias.php?tm=s&t=s&s=11183,midias.php?tm=f&t=s&s=11183
11257,Rhynchocyclidae,Myiornis auricularis,miudinho,501,6299,/wiki/miudinho,midias.php?tm=s&t=s&s=11257,midias.php?tm=f&t=s&s=11257
11258,Rhynchocyclidae,Myiornis ecaudatus,caçula,128,1254,/wiki/cacula,midias.php?tm=s&t=s&s=11258,midias.php?tm=f&t=s&s=11258
11948,Rhynchocyclidae,Hemitriccus cohnhafti,maria-sebinha-do-acre,19,91,/wiki/maria-sebinha-do-acre,midias.php?tm=s&t=s&s=11948,midias.php?tm=f&t=s&s=11948
11160,Rhynchocyclidae,Hemitriccus minor,maria-sebinha,192,683,/wiki/maria-sebinha,midias.php?tm=s&t=s&s=11160,midias.php?tm=f&t=s&s=11160
11161,Rhynchocyclidae,Hemitriccus flammulatus,maria-de-peito-marchetado,46,171,/wiki/maria-de-peito-marchetado,midias.php?tm=s&t=s&s=11161,midias.php?tm=f&t=s&s=11161
11162,Rhynchocyclidae,Hemitriccus diops,olho-falso,429,2137,/wiki/olho-falso,midias.php?tm=s&t=s&s=11162,midias.php?tm=f&t=s&s=11162
11163,Rhynchocyclidae,Hemitriccus obsoletus,catraca,201,1111,/wiki/catraca,midias.php?tm=s&t=s&s=11163,midias.php?tm=f&t=s&s=11163
11164,Rhynchocyclidae,Hemitriccus josephinae,maria-bicudinha,16,35,/wiki/maria-bicudinha,midias.php?tm=s&t=s&s=11164,midias.php?tm=f&t=s&s=11164
11165,Rhynchocyclidae,Hemitriccus zosterops,maria-de-olho-branco,72,235,/wiki/maria-de-olho-branco,midias.php?tm=s&t=s&s=11165,midias.php?tm=f&t=s&s=11165
11166,Rhynchocyclidae,Hemitriccus griseipectus,maria-de-barriga-branca,160,609,/wiki/maria-de-barriga-branca,midias.php?tm=s&t=s&s=11166,midias.php?tm=f&t=s&s=11166
11167,Rhynchocyclidae,Hemitriccus orbitatus,tiririzinho-do-mato,304,2321,/wiki/tiririzinho-do-mato,midias.php?tm=s&t=s&s=11167,midias.php?tm=f&t=s&s=11167
11168,Rhynchocyclidae,Hemitriccus iohannis,maria-peruviana,30,156,/wiki/maria-peruviana,midias.php?tm=s&t=s&s=11168,midias.php?tm=f&t=s&s=11168
11169,Rhynchocyclidae,Hemitriccus striaticollis,sebinho-rajado-amarelo,191,1750,/wiki/sebinho-rajado-amarelo,midias.php?tm=s&t=s&s=11169,midias.php?tm=f&t=s&s=11169
11170,Rhynchocyclidae,Hemitriccus nidipendulus,tachuri-campainha,195,3924,/wiki/tachuri-campainha,midias.php?tm=s&t=s&s=11170,midias.php?tm=f&t=s&s=11170
11171,Rhynchocyclidae,Hemitriccus margaritaceiventer,sebinho-de-olho-de-ouro,522,6226,/wiki/sebinho-de-olho-de-ouro,midias.php?tm=s&t=s&s=11171,midias.php?tm=f&t=s&s=11171
11172,Rhynchocyclidae,Hemitriccus inornatus,maria-da-campina,34,96,/wiki/maria-da-campina,midias.php?tm=s&t=s&s=11172,midias.php?tm=f&t=s&s=11172
11173,Rhynchocyclidae,Hemitriccus minimus,maria-mirim,90,239,/wiki/maria-mirim,midias.php?tm=s&t=s&s=11173,midias.php?tm=f&t=s&s=11173
11174,Rhynchocyclidae,Hemitriccus mirandae,maria-do-nordeste,54,495,/wiki/maria-do-nordeste,midias.php?tm=s&t=s&s=11174,midias.php?tm=f&t=s&s=11174
11175,Rhynchocyclidae,Hemitriccus kaempferi,maria-catarinense,115,848,/wiki/maria-catarinense,midias.php?tm=s&t=s&s=11175,midias.php?tm=f&t=s&s=11175
11176,Rhynchocyclidae,Hemitriccus furcatus,papa-moscas-estrela,141,921,/wiki/papa-moscas-estrela,midias.php?tm=s&t=s&s=11176,midias.php?tm=f&t=s&s=11176
11159,Rhynchocyclidae,Atalotriccus pilaris,maria-de-olho-claro,6,57,/wiki/maria-de-olho-claro,midias.php?tm=s&t=s&s=11159,midias.php?tm=f&t=s&s=11159
11156,Rhynchocyclidae,Lophotriccus vitiosus,maria-fiteira,58,240,/wiki/maria-fiteira,midias.php?tm=s&t=s&s=11156,midias.php?tm=f&t=s&s=11156
11157,Rhynchocyclidae,Lophotriccus eulophotes,maria-topetuda,35,123,/wiki/maria-topetuda,midias.php?tm=s&t=s&s=11157,midias.php?tm=f&t=s&s=11157
11158,Rhynchocyclidae,Lophotriccus galeatus,sebinho-de-penacho,141,699,/wiki/sebinho-de-penacho,midias.php?tm=s&t=s&s=11158,midias.php?tm=f&t=s&s=11158
11279,Tyrannidae,Hirundinea ferruginea,gibão-de-couro,342,15902,/wiki/gibao-de-couro,midias.php?tm=s&t=s&s=11279,midias.php?tm=f&t=s&s=11279
11949,Tyrannidae,Zimmerius chicomendesi,poaieiro-de-chico-mendes,18,123,/wiki/poaieiro-de-chico-mendes,midias.php?tm=s&t=s&s=11949,midias.php?tm=f&t=s&s=11949
11950,Tyrannidae,Zimmerius acer,poaieiro-da-guiana,124,1738,/wiki/poaieiro-da-guiana,midias.php?tm=s&t=s&s=11950,midias.php?tm=f&t=s&s=11950
11236,Tyrannidae,Zimmerius gracilipes,poaieiro-de-pata-fina,30,275,/wiki/poaieiro-de-pata-fina,midias.php?tm=s&t=s&s=11236,midias.php?tm=f&t=s&s=11236
11234,Tyrannidae,Stigmatura napensis,papa-moscas-do-sertão,118,1582,/wiki/papa-moscas-do-sertao,midias.php?tm=s&t=s&s=11234,midias.php?tm=f&t=s&s=11234
11235,Tyrannidae,Stigmatura budytoides,alegrinho-balança-rabo,77,973,/wiki/alegrinho-balanca-rabo,midias.php?tm=s&t=s&s=11235,midias.php?tm=f&t=s&s=11235
11252,Tyrannidae,Inezia inornata,alegrinho-do-chaco,32,566,/wiki/alegrinho-do-chaco,midias.php?tm=s&t=s&s=11252,midias.php?tm=f&t=s&s=11252
11253,Tyrannidae,Inezia subflava,amarelinho,56,832,/wiki/amarelinho,midias.php?tm=s&t=s&s=11253,midias.php?tm=f&t=s&s=11253
11254,Tyrannidae,Inezia caudata,amarelinho-da-amazônia,34,288,/wiki/amarelinho-da-amazonia,midias.php?tm=s&t=s&s=11254,midias.php?tm=f&t=s&s=11254
11232,Tyrannidae,Euscarthmus meloryphus,barulhento,597,2864,/wiki/barulhento,midias.php?tm=s&t=s&s=11232,midias.php?tm=f&t=s&s=11232
11233,Tyrannidae,Euscarthmus rufomarginatus,maria-corruíra,73,711,/wiki/maria-corruira,midias.php?tm=s&t=s&s=11233,midias.php?tm=f&t=s&s=11233
11190,Tyrannidae,Tyranniscus burmeisteri,piolhinho-chiador,442,1972,/wiki/piolhinho-chiador,midias.php?tm=s&t=s&s=11190,midias.php?tm=f&t=s&s=11190
11214,Tyrannidae,Ornithion inerme,poaieiro-de-sobrancelha,252,1008,/wiki/poaieiro-de-sobrancelha,midias.php?tm=s&t=s&s=11214,midias.php?tm=f&t=s&s=11214
11215,Tyrannidae,Camptostoma obsoletum,risadinha,1210,17244,/wiki/risadinha,midias.php?tm=s&t=s&s=11215,midias.php?tm=f&t=s&s=11215
11201,Tyrannidae,Elaenia flavogaster,guaracava-de-barriga-amarela,980,12821,/wiki/guaracava-de-barriga-amarela,midias.php?tm=s&t=s&s=11201,midias.php?tm=f&t=s&s=11201
11202,Tyrannidae,Elaenia spectabilis,guaracava-grande,916,5206,/wiki/guaracava-grande,midias.php?tm=s&t=s&s=11202,midias.php?tm=f&t=s&s=11202
11203,Tyrannidae,Elaenia ridleyana,cocoruta,23,466,/wiki/cocoruta,midias.php?tm=s&t=s&s=11203,midias.php?tm=f&t=s&s=11203
11204,Tyrannidae,Elaenia chilensis,guaracava-de-crista-branca,155,1947,/wiki/guaracava-de-crista-branca,midias.php?tm=s&t=s&s=11204,midias.php?tm=f&t=s&s=11204
11205,Tyrannidae,Elaenia parvirostris,tuque-pium,508,4713,/wiki/tuque-pium,midias.php?tm=s&t=s&s=11205,midias.php?tm=f&t=s&s=11205
11206,Tyrannidae,Elaenia mesoleuca,tuque,535,3112,/wiki/tuque,midias.php?tm=s&t=s&s=11206,midias.php?tm=f&t=s&s=11206
11207,Tyrannidae,Elaenia pelzelni,guaracava-do-rio,21,226,/wiki/guaracava-do-rio,midias.php?tm=s&t=s&s=11207,midias.php?tm=f&t=s&s=11207
11208,Tyrannidae,Elaenia cristata,guaracava-de-topete-uniforme,271,4763,/wiki/guaracava-de-topete-uniforme,midias.php?tm=s&t=s&s=11208,midias.php?tm=f&t=s&s=11208
11209,Tyrannidae,Elaenia chiriquensis,chibum,432,3689,/wiki/chibum,midias.php?tm=s&t=s&s=11209,midias.php?tm=f&t=s&s=11209
11210,Tyrannidae,Elaenia ruficeps,guaracava-de-topete-vermelho,19,254,/wiki/guaracava-de-topete-vermelho,midias.php?tm=s&t=s&s=11210,midias.php?tm=f&t=s&s=11210
11211,Tyrannidae,Elaenia obscura,tucão,448,5626,/wiki/tucao,midias.php?tm=s&t=s&s=11211,midias.php?tm=f&t=s&s=11211
11212,Tyrannidae,Elaenia dayi,guaracava-dos-tepuis,2,52,/wiki/guaracava-dos-tepuis,midias.php?tm=s&t=s&s=11212,midias.php?tm=f&t=s&s=11212
11213,Tyrannidae,Elaenia olivina,guaracava-serrana,2,40,/wiki/guaracava-serrana,midias.php?tm=s&t=s&s=11213,midias.php?tm=f&t=s&s=11213
11216,Tyrannidae,Suiriri suiriri,suiriri-cinzento,305,3750,/wiki/suiriri-cinzento,midias.php?tm=s&t=s&s=11216,midias.php?tm=f&t=s&s=11216
11197,Tyrannidae,Myiopagis gaimardii,maria-pechim,213,1930,/wiki/maria-pechim,midias.php?tm=s&t=s&s=11197,midias.php?tm=f&t=s&s=11197
11198,Tyrannidae,Myiopagis caniceps,guaracava-cinzenta,492,4558,/wiki/guaracava-cinzenta,midias.php?tm=s&t=s&s=11198,midias.php?tm=f&t=s&s=11198
11199,Tyrannidae,Myiopagis flavivertex,guaracava-de-penacho-amarelo,24,276,/wiki/guaracava-de-penacho-amarelo,midias.php?tm=s&t=s&s=11199,midias.php?tm=f&t=s&s=11199
11200,Tyrannidae,Myiopagis viridicata,guaracava-de-crista-alaranjada,560,3448,/wiki/guaracava-de-crista-alaranjada,midias.php?tm=s&t=s&s=11200,midias.php?tm=f&t=s&s=11200
11196,Tyrannidae,Tyrannulus elatus,maria-te-viu,121,1557,/wiki/maria-te-viu,midias.php?tm=s&t=s&s=11196,midias.php?tm=f&t=s&s=11196
11230,Tyrannidae,Pseudocolopteryx dinelliana,tricolino-pardo,1,20,/wiki/tricolino-pardo,midias.php?tm=s&t=s&s=11230,midias.php?tm=f&t=s&s=11230
11225,Tyrannidae,Capsiempis flaveola,marianinha-amarela,499,4671,/wiki/marianinha-amarela,midias.php?tm=s&t=s&s=11225,midias.php?tm=f&t=s&s=11225
11224,Tyrannidae,Phaeomyias murina,bagageiro,496,5876,/wiki/bagageiro,midias.php?tm=s&t=s&s=11224,midias.php?tm=f&t=s&s=11224
11191,Tyrannidae,Phyllomyias virescens,piolhinho-verdoso,244,1556,/wiki/piolhinho-verdoso,midias.php?tm=s&t=s&s=11191,midias.php?tm=f&t=s&s=11191
11192,Tyrannidae,Phyllomyias reiseri,piolhinho-do-grotão,41,313,/wiki/piolhinho-do-grotao,midias.php?tm=s&t=s&s=11192,midias.php?tm=f&t=s&s=11192
11193,Tyrannidae,Phyllomyias fasciatus,piolhinho,525,8189,/wiki/piolhinho,midias.php?tm=s&t=s&s=11193,midias.php?tm=f&t=s&s=11193
11194,Tyrannidae,Phyllomyias griseiceps,piolhinho-de-cabeça-cinza,12,108,/wiki/piolhinho-de-cabeca-cinza,midias.php?tm=s&t=s&s=11194,midias.php?tm=f&t=s&s=11194
12049,Tyrannidae,Phyllomyias weedeni,piolhinho-do-acre,2,2,/wiki/piolhinho-do-acre,midias.php?tm=s&t=s&s=12049,midias.php?tm=f&t=s&s=12049
11195,Tyrannidae,Phyllomyias griseocapilla,piolhinho-serrano,200,2894,/wiki/piolhinho-serrano,midias.php?tm=s&t=s&s=11195,midias.php?tm=f&t=s&s=11195
11218,Tyrannidae,Mecocerculus leucophrys,alegrinho-de-garganta-branca,4,97,/wiki/alegrinho-de-garganta-branca,midias.php?tm=s&t=s&s=11218,midias.php?tm=f&t=s&s=11218
11256,Tyrannidae,Culicivora caudacuta,papa-moscas-do-campo,146,3407,/wiki/papa-moscas-do-campo,midias.php?tm=s&t=s&s=11256,midias.php?tm=f&t=s&s=11256
11226,Tyrannidae,Polystictus pectoralis,papa-moscas-canela,20,1267,/wiki/papa-moscas-canela,midias.php?tm=s&t=s&s=11226,midias.php?tm=f&t=s&s=11226
11227,Tyrannidae,Polystictus superciliaris,papa-moscas-de-costas-cinzentas,96,2038,/wiki/papa-moscas-de-costas-cinzentas,midias.php?tm=s&t=s&s=11227,midias.php?tm=f&t=s&s=11227
11228,Tyrannidae,Pseudocolopteryx sclateri,tricolino,56,2010,/wiki/tricolino,midias.php?tm=s&t=s&s=11228,midias.php?tm=f&t=s&s=11228
11229,Tyrannidae,Pseudocolopteryx acutipennis,tricolino-oliváceo,11,469,/wiki/tricolino-olivaceo,midias.php?tm=s&t=s&s=11229,midias.php?tm=f&t=s&s=11229
11231,Tyrannidae,Pseudocolopteryx flaviventris,amarelinho-do-junco,22,1000,/wiki/amarelinho-do-junco,midias.php?tm=s&t=s&s=11231,midias.php?tm=f&t=s&s=11231
11219,Tyrannidae,Serpophaga hypoleuca,alegrinho-do-rio,12,470,/wiki/alegrinho-do-rio,midias.php?tm=s&t=s&s=11219,midias.php?tm=f&t=s&s=11219
11220,Tyrannidae,Serpophaga nigricans,joão-pobre,161,6073,/wiki/joao-pobre,midias.php?tm=s&t=s&s=11220,midias.php?tm=f&t=s&s=11220
11221,Tyrannidae,Serpophaga subcristata,alegrinho,560,10523,/wiki/alegrinho,midias.php?tm=s&t=s&s=11221,midias.php?tm=f&t=s&s=11221
11222,Tyrannidae,Serpophaga griseicapilla,alegrinho-trinador,82,342,/wiki/alegrinho-trinador,midias.php?tm=s&t=s&s=11222,midias.php?tm=f&t=s&s=11222
11354,Tyrannidae,Attila phoenicurus,capitão-castanho,488,1818,/wiki/capitao-castanho,midias.php?tm=s&t=s&s=11354,midias.php?tm=f&t=s&s=11354
11355,Tyrannidae,Attila cinnamomeus,tinguaçu-ferrugem,213,1253,/wiki/tinguacu-ferrugem,midias.php?tm=s&t=s&s=11355,midias.php?tm=f&t=s&s=11355
11356,Tyrannidae,Attila citriniventris,tinguaçu-de-barriga-amarela,43,162,/wiki/tinguacu-de-barriga-amarela,midias.php?tm=s&t=s&s=11356,midias.php?tm=f&t=s&s=11356
11357,Tyrannidae,Attila bolivianus,bate-pára,123,687,/wiki/bate-para,midias.php?tm=s&t=s&s=11357,midias.php?tm=f&t=s&s=11357
11358,Tyrannidae,Attila rufus,capitão-de-saíra,892,6037,/wiki/capitao-de-saira,midias.php?tm=s&t=s&s=11358,midias.php?tm=f&t=s&s=11358
11359,Tyrannidae,Attila spadiceus,capitão-de-saíra-amarelo,408,1107,/wiki/capitao-de-saira-amarelo,midias.php?tm=s&t=s&s=11359,midias.php?tm=f&t=s&s=11359
11322,Tyrannidae,Legatus leucophaius,bem-te-vi-pirata,909,4821,/wiki/bem-te-vi-pirata,midias.php?tm=s&t=s&s=11322,midias.php?tm=f&t=s&s=11322
11351,Tyrannidae,Ramphotrigon megacephalum,maria-cabeçuda,211,1269,/wiki/maria-cabecuda,midias.php?tm=s&t=s&s=11351,midias.php?tm=f&t=s&s=11351
11352,Tyrannidae,Ramphotrigon ruficauda,bico-chato-de-rabo-vermelho,90,481,/wiki/bico-chato-de-rabo-vermelho,midias.php?tm=s&t=s&s=11352,midias.php?tm=f&t=s&s=11352
11353,Tyrannidae,Ramphotrigon fuscicauda,maria-de-cauda-escura,41,193,/wiki/maria-de-cauda-escura,midias.php?tm=s&t=s&s=11353,midias.php?tm=f&t=s&s=11353
11347,Tyrannidae,Myiarchus tuberculifer,maria-cavaleira-pequena,188,1223,/wiki/maria-cavaleira-pequena,midias.php?tm=s&t=s&s=11347,midias.php?tm=f&t=s&s=11347
11348,Tyrannidae,Myiarchus swainsoni,irré,959,6650,/wiki/irre,midias.php?tm=s&t=s&s=11348,midias.php?tm=f&t=s&s=11348
11349,Tyrannidae,Myiarchus ferox,maria-cavaleira,921,11081,/wiki/maria-cavaleira,midias.php?tm=s&t=s&s=11349,midias.php?tm=f&t=s&s=11349
11350,Tyrannidae,Myiarchus tyrannulus,maria-cavaleira-de-rabo-enferrujado,966,9989,/wiki/maria-cavaleira-de-rabo-enferrujado,midias.php?tm=s&t=s&s=11350,midias.php?tm=f&t=s&s=11350
11986,Tyrannidae,Sirystes albocinereus,gritador-de-sobre-branco,19,188,/wiki/gritador-de-sobre-branco,midias.php?tm=s&t=s&s=11986,midias.php?tm=f&t=s&s=11986
11987,Tyrannidae,Sirystes subcanescens,gritador-da-guiana,18,177,/wiki/gritador-da-guiana,midias.php?tm=s&t=s&s=11987,midias.php?tm=f&t=s&s=11987
11344,Tyrannidae,Sirystes sibilator,gritador,598,4434,/wiki/gritador,midias.php?tm=s&t=s&s=11344,midias.php?tm=f&t=s&s=11344
11342,Tyrannidae,Rhytipterna simplex,vissiá,286,2459,/wiki/vissia,midias.php?tm=s&t=s&s=11342,midias.php?tm=f&t=s&s=11342
11343,Tyrannidae,Rhytipterna immunda,vissiá-cantor,29,236,/wiki/vissia-cantor,midias.php?tm=s&t=s&s=11343,midias.php?tm=f&t=s&s=11343
11345,Tyrannidae,Casiornis rufus,maria-ferrugem,183,3598,/wiki/maria-ferrugem,midias.php?tm=s&t=s&s=11345,midias.php?tm=f&t=s&s=11345
11346,Tyrannidae,Casiornis fuscus,caneleiro-enxofre,50,1247,/wiki/caneleiro-enxofre,midias.php?tm=s&t=s&s=11346,midias.php?tm=f&t=s&s=11346
11327,Tyrannidae,Pitangus sulphuratus,bem-te-vi,1689,36602,/wiki/bem-te-vi,midias.php?tm=s&t=s&s=11327,midias.php?tm=f&t=s&s=11327
11328,Tyrannidae,Philohydor lictor,bentevizinho-do-brejo,221,2440,/wiki/bentevizinho-do-brejo,midias.php?tm=s&t=s&s=11328,midias.php?tm=f&t=s&s=11328
11321,Tyrannidae,Machetornis rixosa,suiriri-cavaleiro,394,19449,/wiki/suiriri-cavaleiro,midias.php?tm=s&t=s&s=11321,midias.php?tm=f&t=s&s=11321
11331,Tyrannidae,Myiodynastes luteiventris,bem-te-vi-de-barriga-sulfúrea,1,41,/wiki/bem-te-vi-de-barriga-sulfurea,midias.php?tm=s&t=s&s=11331,midias.php?tm=f&t=s&s=11331
11332,Tyrannidae,Myiodynastes maculatus,bem-te-vi-rajado,1434,20141,/wiki/bem-te-vi-rajado,midias.php?tm=s&t=s&s=11332,midias.php?tm=f&t=s&s=11332
11334,Tyrannidae,Tyrannopsis sulphurea,suiriri-de-garganta-rajada,131,1446,/wiki/suiriri-de-garganta-rajada,midias.php?tm=s&t=s&s=11334,midias.php?tm=f&t=s&s=11334
11333,Tyrannidae,Megarynchus pitangua,neinei,1247,12395,/wiki/neinei,midias.php?tm=s&t=s&s=11333,midias.php?tm=f&t=s&s=11333
11323,Tyrannidae,Myiozetetes cayanensis,bentevizinho-de-asa-ferrugínea,538,5526,/wiki/bentevizinho-de-asa-ferruginea,midias.php?tm=s&t=s&s=11323,midias.php?tm=f&t=s&s=11323
11324,Tyrannidae,Myiozetetes similis,bentevizinho-de-penacho-vermelho,1038,17145,/wiki/bentevizinho-de-penacho-vermelho,midias.php?tm=s&t=s&s=11324,midias.php?tm=f&t=s&s=11324
11325,Tyrannidae,Myiozetetes granadensis,bem-te-vi-de-cabeça-cinza,23,300,/wiki/bem-te-vi-de-cabeca-cinza,midias.php?tm=s&t=s&s=11325,midias.php?tm=f&t=s&s=11325
11326,Tyrannidae,Myiozetetes luteiventris,bem-te-vi-barulhento,72,477,/wiki/bem-te-vi-barulhento,midias.php?tm=s&t=s&s=11326,midias.php?tm=f&t=s&s=11326
11337,Tyrannidae,Tyrannus albogularis,suiriri-de-garganta-branca,171,4734,/wiki/suiriri-de-garganta-branca,midias.php?tm=s&t=s&s=11337,midias.php?tm=f&t=s&s=11337
11338,Tyrannidae,Tyrannus melancholicus,suiriri,951,31124,/wiki/suiriri,midias.php?tm=s&t=s&s=11338,midias.php?tm=f&t=s&s=11338
12050,Tyrannidae,Tyrannus monachus,tesourinha-do-norte,9,443,/wiki/tesourinha-do-norte,midias.php?tm=s&t=s&s=12050,midias.php?tm=f&t=s&s=12050
11339,Tyrannidae,Tyrannus savana,tesourinha,410,22555,/wiki/tesourinha,midias.php?tm=s&t=s&s=11339,midias.php?tm=f&t=s&s=11339
11340,Tyrannidae,Tyrannus tyrannus,suiriri-valente,2,406,/wiki/suiriri-valente,midias.php?tm=s&t=s&s=11340,midias.php?tm=f&t=s&s=11340
11341,Tyrannidae,Tyrannus dominicensis,suiriri-cinza,12,192,/wiki/suiriri-cinza,midias.php?tm=s&t=s&s=11341,midias.php?tm=f&t=s&s=11341
11336,Tyrannidae,Griseotyrannus aurantioatrocristatus,peitica-de-chapéu-preto,123,4534,/wiki/peitica-de-chapeu-preto,midias.php?tm=s&t=s&s=11336,midias.php?tm=f&t=s&s=11336
11335,Tyrannidae,Empidonomus varius,peitica,468,17691,/wiki/peitica,midias.php?tm=s&t=s&s=11335,midias.php?tm=f&t=s&s=11335
11329,Tyrannidae,Conopias trivirgatus,bem-te-vi-pequeno,137,1318,/wiki/bem-te-vi-pequeno,midias.php?tm=s&t=s&s=11329,midias.php?tm=f&t=s&s=11329
11330,Tyrannidae,Conopias parvus,bem-te-vi-da-copa,71,506,/wiki/bem-te-vi-da-copa,midias.php?tm=s&t=s&s=11330,midias.php?tm=f&t=s&s=11330
11217,Tyrannidae,Guyramemua affine,suiriri-da-chapada,81,1317,/wiki/suiriri-da-chapada,midias.php?tm=s&t=s&s=11217,midias.php?tm=f&t=s&s=11217
11250,Tyrannidae,Sublegatus obscurior,sertanejo-escuro,32,315,/wiki/sertanejo-escuro,midias.php?tm=s&t=s&s=11250,midias.php?tm=f&t=s&s=11250
11251,Tyrannidae,Sublegatus modestus,guaracava-modesta,160,2435,/wiki/guaracava-modesta,midias.php?tm=s&t=s&s=11251,midias.php?tm=f&t=s&s=11251
11320,Tyrannidae,Colonia colonus,viuvinha,372,11803,/wiki/viuvinha,midias.php?tm=s&t=s&s=11320,midias.php?tm=f&t=s&s=11320
11317,Tyrannidae,Arundinicola leucocephala,freirinha,158,17240,/wiki/freirinha,midias.php?tm=s&t=s&s=11317,midias.php?tm=f&t=s&s=11317
11314,Tyrannidae,Fluvicola pica,lavadeira-do-norte,16,286,/wiki/lavadeira-do-norte,midias.php?tm=s&t=s&s=11314,midias.php?tm=f&t=s&s=11314
11315,Tyrannidae,Fluvicola albiventer,lavadeira-de-cara-branca,112,4746,/wiki/lavadeira-de-cara-branca,midias.php?tm=s&t=s&s=11315,midias.php?tm=f&t=s&s=11315
11316,Tyrannidae,Fluvicola nengeta,lavadeira-mascarada,398,26184,/wiki/lavadeira-mascarada,midias.php?tm=s&t=s&s=11316,midias.php?tm=f&t=s&s=11316
11290,Tyrannidae,Pyrocephalus rubinus,príncipe,111,18120,/wiki/principe,midias.php?tm=s&t=s&s=11290,midias.php?tm=f&t=s&s=11290
11313,Tyrannidae,Muscipipra vetula,tesoura-cinzenta,168,3561,/wiki/tesoura-cinzenta,midias.php?tm=s&t=s&s=11313,midias.php?tm=f&t=s&s=11313
11312,Tyrannidae,Gubernetes yetapa,tesoura-do-brejo,396,10399,/wiki/tesoura-do-brejo,midias.php?tm=s&t=s&s=11312,midias.php?tm=f&t=s&s=11312
11310,Tyrannidae,Heteroxolmis dominicanus,noivinha-de-rabo-preto,20,2487,/wiki/noivinha-de-rabo-preto,midias.php?tm=s&t=s&s=11310,midias.php?tm=f&t=s&s=11310
11318,Tyrannidae,Alectrurus tricolor,galito,13,2804,/wiki/galito,midias.php?tm=s&t=s&s=11318,midias.php?tm=f&t=s&s=11318
11319,Tyrannidae,Alectrurus risora,tesoura-do-campo,2,421,/wiki/tesoura-do-campo,midias.php?tm=s&t=s&s=11319,midias.php?tm=f&t=s&s=11319
11274,Tyrannidae,Myiophobus fasciatus,filipe,732,10994,/wiki/filipe,midias.php?tm=s&t=s&s=11274,midias.php?tm=f&t=s&s=11274
11273,Tyrannidae,Scotomyias roraimae,filipe-do-tepui,2,10,/wiki/filipe-do-tepui,midias.php?tm=s&t=s&s=11273,midias.php?tm=f&t=s&s=11273
11303,Tyrannidae,Ochthornis littoralis,maria-da-praia,52,1018,/wiki/maria-da-praia,midias.php?tm=s&t=s&s=11303,midias.php?tm=f&t=s&s=11303
11281,Tyrannidae,Cnemotriccus fuscatus,guaracavuçu,701,5013,/wiki/guaracavucu,midias.php?tm=s&t=s&s=11281,midias.php?tm=f&t=s&s=11281
11280,Tyrannidae,Lathrotriccus euleri,enferrujado,1402,7662,/wiki/enferrujado,midias.php?tm=s&t=s&s=11280,midias.php?tm=f&t=s&s=11280
11283,Tyrannidae,Empidonax alnorum,papa-moscas-de-alder,12,73,/wiki/papa-moscas-de-alder,midias.php?tm=s&t=s&s=11283,midias.php?tm=f&t=s&s=11283
11284,Tyrannidae,Contopus cooperi,piuí-boreal,44,418,/wiki/piui-boreal,midias.php?tm=s&t=s&s=11284,midias.php?tm=f&t=s&s=11284
11285,Tyrannidae,Contopus fumigatus,piuí-de-topete,8,95,/wiki/piui-de-topete,midias.php?tm=s&t=s&s=11285,midias.php?tm=f&t=s&s=11285
11286,Tyrannidae,Contopus virens,piuí-verdadeiro-do-leste,33,406,/wiki/piui-verdadeiro-do-leste,midias.php?tm=s&t=s&s=11286,midias.php?tm=f&t=s&s=11286
11287,Tyrannidae,Contopus cinereus,papa-moscas-cinzento,291,4797,/wiki/papa-moscas-cinzento,midias.php?tm=s&t=s&s=11287,midias.php?tm=f&t=s&s=11287
12051,Tyrannidae,Contopus sordidulus,piuí-verdadeiro-do-oeste,8,47,/wiki/piui-verdadeiro-do-oeste,midias.php?tm=s&t=s&s=12051,midias.php?tm=f&t=s&s=12051
11288,Tyrannidae,Contopus albogularis,piuí-queixado,1,2,/wiki/piui-queixado,midias.php?tm=s&t=s&s=11288,midias.php?tm=f&t=s&s=11288
11289,Tyrannidae,Contopus nigrescens,piuí-preto,15,113,/wiki/piui-preto,midias.php?tm=s&t=s&s=11289,midias.php?tm=f&t=s&s=11289
11304,Tyrannidae,Satrapa icterophrys,suiriri-pequeno,75,9816,/wiki/suiriri-pequeno,midias.php?tm=s&t=s&s=11304,midias.php?tm=f&t=s&s=11304
,Tyrannidae,Syrtidicola fluviatilis,gaúcha-d'água,0,144,/wiki/gaucha-d_agua,,midias.php?tm=f&t=s&s=11305
,Tyrannidae,Muscisaxicola maculirostris,gaúcha-de-bico-manchado,0,41,/wiki/gaucha-de-bico-manchado,,midias.php?tm=f&t=s&s=12052
,Tyrannidae,Muscisaxicola maclovianus,gaúcha-de-cara-suja,0,134,/wiki/gaucha-de-cara-suja,,midias.php?tm=f&t=s&s=11951
,Tyrannidae,Muscisaxicola capistratus,gaúcha-de-barriga-alaranjada,0,38,/wiki/gaucha-de-barriga-alaranjada,,midias.php?tm=f&t=s&s=12053
11291,Tyrannidae,Lessonia rufa,colegial,3,1152,/wiki/colegial,midias.php?tm=s&t=s&s=11291,midias.php?tm=f&t=s&s=11291
11302,Tyrannidae,Hymenops perspicillatus,viuvinha-de-óculos,19,3801,/wiki/viuvinha-de-oculos,midias.php?tm=s&t=s&s=11302,midias.php?tm=f&t=s&s=11302
11297,Tyrannidae,Knipolegus orenocensis,maria-preta-ribeirinha,17,338,/wiki/maria-preta-ribeirinha,midias.php?tm=s&t=s&s=11297,midias.php?tm=f&t=s&s=11297
11296,Tyrannidae,Knipolegus poecilurus,maria-preta-de-cauda-ruiva,5,29,/wiki/maria-preta-de-cauda-ruiva,midias.php?tm=s&t=s&s=11296,midias.php?tm=f&t=s&s=11296
11294,Tyrannidae,Knipolegus poecilocercus,maria-preta-do-igapó,12,390,/wiki/maria-preta-do-igapo,midias.php?tm=s&t=s&s=11294,midias.php?tm=f&t=s&s=11294
11299,Tyrannidae,Knipolegus franciscanus,maria-preta-do-nordeste,8,819,/wiki/maria-preta-do-nordeste,midias.php?tm=s&t=s&s=11299,midias.php?tm=f&t=s&s=11299
11300,Tyrannidae,Knipolegus lophotes,maria-preta-de-penacho,41,8479,/wiki/maria-preta-de-penacho,midias.php?tm=s&t=s&s=11300,midias.php?tm=f&t=s&s=11300
11301,Tyrannidae,Knipolegus nigerrimus,maria-preta-de-garganta-vermelha,29,6634,/wiki/maria-preta-de-garganta-vermelha,midias.php?tm=s&t=s&s=11301,midias.php?tm=f&t=s&s=11301
11295,Tyrannidae,Knipolegus cyanirostris,maria-preta-de-bico-azulado,53,6174,/wiki/maria-preta-de-bico-azulado,midias.php?tm=s&t=s&s=11295,midias.php?tm=f&t=s&s=11295
11292,Tyrannidae,Knipolegus striaticeps,maria-preta-acinzentada,3,70,/wiki/maria-preta-acinzentada,midias.php?tm=s&t=s&s=11292,midias.php?tm=f&t=s&s=11292
11293,Tyrannidae,Knipolegus hudsoni,maria-preta-do-sul,1,39,/wiki/maria-preta-do-sul,midias.php?tm=s&t=s&s=11293,midias.php?tm=f&t=s&s=11293
11298,Tyrannidae,Knipolegus aterrimus,maria-preta-bate-rabo,3,91,/wiki/maria-preta-bate-rabo,midias.php?tm=s&t=s&s=11298,midias.php?tm=f&t=s&s=11298
11309,Tyrannidae,Xolmis irupero,noivinha,44,6949,/wiki/noivinha,midias.php?tm=s&t=s&s=11309,midias.php?tm=f&t=s&s=11309
11308,Tyrannidae,Xolmis velatus,noivinha-branca,104,11289,/wiki/noivinha-branca,midias.php?tm=s&t=s&s=11308,midias.php?tm=f&t=s&s=11308
11306,Tyrannidae,Nengetus cinereus,primavera,179,8474,/wiki/primavera,midias.php?tm=s&t=s&s=11306,midias.php?tm=f&t=s&s=11306
11307,Tyrannidae,Nengetus coronatus,noivinha-coroada,2,277,/wiki/noivinha-coroada,midias.php?tm=s&t=s&s=11307,midias.php?tm=f&t=s&s=11307
,Tyrannidae,Nengetus rubetra,noivinha-castanha,0,16,/wiki/noivinha-castanha,,midias.php?tm=f&t=s&s=11952
11311,Tyrannidae,Nengetus rufiventris,gaúcho-chocolate,1,80,/wiki/gaucho-chocolate,midias.php?tm=s&t=s&s=11311,midias.php?tm=f&t=s&s=11311
,Tyrannidae,Agriornis micropterus,gaúcho-de-barriga-cinza,0,65,/wiki/gaucho-de-barriga-cinza,,midias.php?tm=f&t=s&s=11988
,Tyrannidae,Agriornis murinus,gauchinho,0,62,/wiki/gauchinho,,midias.php?tm=f&t=s&s=11855
11451,Vireonidae,Cyclarhis gujanensis,pitiguari,2870,15258,/wiki/pitiguari,midias.php?tm=s&t=s&s=11451,midias.php?tm=f&t=s&s=11451
11452,Vireonidae,Vireolanius leucotis,assobiador-do-castanhal,167,461,/wiki/assobiador-do-castanhal,midias.php?tm=s&t=s&s=11452,midias.php?tm=f&t=s&s=11452
11458,Vireonidae,Hylophilus amaurocephalus,vite-vite-de-olho-cinza,599,3870,/wiki/vite-vite-de-olho-cinza,midias.php?tm=s&t=s&s=11458,midias.php?tm=f&t=s&s=11458
11457,Vireonidae,Hylophilus poicilotis,verdinho-coroado,541,4062,/wiki/verdinho-coroado,midias.php?tm=s&t=s&s=11457,midias.php?tm=f&t=s&s=11457
11461,Vireonidae,Hylophilus pectoralis,vite-vite-de-cabeça-cinza,226,1365,/wiki/vite-vite-de-cabeca-cinza,midias.php?tm=s&t=s&s=11461,midias.php?tm=f&t=s&s=11461
11460,Vireonidae,Hylophilus semicinereus,verdinho-da-várzea,191,866,/wiki/verdinho-da-varzea,midias.php?tm=s&t=s&s=11460,midias.php?tm=f&t=s&s=11460
11463,Vireonidae,Hylophilus brunneiceps,vite-vite-de-cabeça-marrom,12,48,/wiki/vite-vite-de-cabeca-marrom,midias.php?tm=s&t=s&s=11463,midias.php?tm=f&t=s&s=11463
11459,Vireonidae,Hylophilus thoracicus,vite-vite,275,1304,/wiki/vite-vite,midias.php?tm=s&t=s&s=11459,midias.php?tm=f&t=s&s=11459
11466,Vireonidae,Tunchiornis ochraceiceps,vite-vite-uirapuru,68,153,/wiki/vite-vite-uirapuru,midias.php?tm=s&t=s&s=11466,midias.php?tm=f&t=s&s=11466
11464,Vireonidae,Pachysylvia hypoxantha,vite-vite-de-barriga-amarela,72,231,/wiki/vite-vite-de-barriga-amarela,midias.php?tm=s&t=s&s=11464,midias.php?tm=f&t=s&s=11464
11465,Vireonidae,Pachysylvia muscicapina,vite-vite-camurça,80,483,/wiki/vite-vite-camurca,midias.php?tm=s&t=s&s=11465,midias.php?tm=f&t=s&s=11465
11462,Vireonidae,Vireo sclateri,vite-vite-do-tepui,5,32,/wiki/vite-vite-do-tepui,midias.php?tm=s&t=s&s=11462,midias.php?tm=f&t=s&s=11462
11953,Vireonidae,Vireo olivaceus,juruviara-boreal,7,250,/wiki/juruviara-boreal,midias.php?tm=s&t=s&s=11953,midias.php?tm=f&t=s&s=11953
11453,Vireonidae,Vireo chivi,juruviara,1570,11152,/wiki/juruviara,midias.php?tm=s&t=s&s=11453,midias.php?tm=f&t=s&s=11453
11454,Vireonidae,Vireo gracilirostris,juruviara-de-noronha,29,610,/wiki/juruviara-de-noronha,midias.php?tm=s&t=s&s=11454,midias.php?tm=f&t=s&s=11454
11455,Vireonidae,Vireo flavoviridis,juruviara-verde-amarelada,2,39,/wiki/juruviara-verde-amarelada,midias.php?tm=s&t=s&s=11455,midias.php?tm=f&t=s&s=11455
11456,Vireonidae,Vireo altiloquus,juruviara-barbuda,5,165,/wiki/juruviara-barbuda,midias.php?tm=s&t=s&s=11456,midias.php?tm=f&t=s&s=11456
11467,Corvidae,Cyanocorax violaceus,gralha-violácea,65,591,/wiki/gralha-violacea,midias.php?tm=s&t=s&s=11467,midias.php?tm=f&t=s&s=11467
11468,Corvidae,Cyanocorax cyanomelas,gralha-do-pantanal,93,2500,/wiki/gralha-do-pantanal,midias.php?tm=s&t=s&s=11468,midias.php?tm=f&t=s&s=11468
11469,Corvidae,Cyanocorax caeruleus,gralha-azul,390,6484,/wiki/gralha-azul,midias.php?tm=s&t=s&s=11469,midias.php?tm=f&t=s&s=11469
11470,Corvidae,Cyanocorax cristatellus,gralha-do-campo,626,9752,/wiki/gralha-do-campo,midias.php?tm=s&t=s&s=11470,midias.php?tm=f&t=s&s=11470
11471,Corvidae,Cyanocorax cayanus,gralha-da-guiana,26,208,/wiki/gralha-da-guiana,midias.php?tm=s&t=s&s=11471,midias.php?tm=f&t=s&s=11471
,Corvidae,Cyanocorax heilprini,gralha-de-nuca-azul,0,9,/wiki/gralha-de-nuca-azul,,midias.php?tm=f&t=s&s=11472
11954,Corvidae,Cyanocorax hafferi,cancão-da-campina,35,273,/wiki/cancao-da-campina,midias.php?tm=s&t=s&s=11954,midias.php?tm=f&t=s&s=11954
11473,Corvidae,Cyanocorax chrysops,gralha-picaça,718,9209,/wiki/gralha-picaca,midias.php?tm=s&t=s&s=11473,midias.php?tm=f&t=s&s=11473
11474,Corvidae,Cyanocorax cyanopogon,gralha-cancã,556,5149,/wiki/gralha-canca,midias.php?tm=s&t=s&s=11474,midias.php?tm=f&t=s&s=11474
11482,Hirundinidae,Pygochelidon cyanoleuca,andorinha-pequena-de-casa,487,13488,/wiki/andorinha-pequena-de-casa,midias.php?tm=s&t=s&s=11482,midias.php?tm=f&t=s&s=11482
11484,Hirundinidae,Pygochelidon melanoleuca,andorinha-de-coleira,28,926,/wiki/andorinha-de-coleira,midias.php?tm=s&t=s&s=11484,midias.php?tm=f&t=s&s=11484
11486,Hirundinidae,Alopochelidon fucata,andorinha-morena,82,2772,/wiki/andorinha-morena,midias.php?tm=s&t=s&s=11486,midias.php?tm=f&t=s&s=11486
11483,Hirundinidae,Atticora fasciata,peitoril,46,1393,/wiki/peitoril,midias.php?tm=s&t=s&s=11483,midias.php?tm=f&t=s&s=11483
11485,Hirundinidae,Atticora tibialis,calcinha-branca,41,855,/wiki/calcinha-branca,midias.php?tm=s&t=s&s=11485,midias.php?tm=f&t=s&s=11485
11487,Hirundinidae,Stelgidopteryx ruficollis,andorinha-serradora,382,17985,/wiki/andorinha-serradora,midias.php?tm=s&t=s&s=11487,midias.php?tm=f&t=s&s=11487
11478,Hirundinidae,Progne tapera,andorinha-do-campo,471,13958,/wiki/andorinha-do-campo,midias.php?tm=s&t=s&s=11478,midias.php?tm=f&t=s&s=11478
11479,Hirundinidae,Progne subis,andorinha-azul,45,1730,/wiki/andorinha-azul,midias.php?tm=s&t=s&s=11479,midias.php?tm=f&t=s&s=11479
12054,Hirundinidae,Progne dominicensis,andorinha-do-caribe,3,25,/wiki/andorinha-do-caribe,midias.php?tm=s&t=s&s=12054,midias.php?tm=f&t=s&s=12054
12055,Hirundinidae,Progne cryptoleuca,andorinha-cubana,4,8,/wiki/andorinha-cubana,midias.php?tm=s&t=s&s=12055,midias.php?tm=f&t=s&s=12055
11480,Hirundinidae,Progne chalybea,andorinha-grande,506,13528,/wiki/andorinha-grande,midias.php?tm=s&t=s&s=11480,midias.php?tm=f&t=s&s=11480
11481,Hirundinidae,Progne elegans,andorinha-do-sul,5,296,/wiki/andorinha-do-sul,midias.php?tm=s&t=s&s=11481,midias.php?tm=f&t=s&s=11481
11475,Hirundinidae,Tachycineta albiventer,andorinha-do-rio,162,12188,/wiki/andorinha-do-rio,midias.php?tm=s&t=s&s=11475,midias.php?tm=f&t=s&s=11475
11476,Hirundinidae,Tachycineta leucorrhoa,andorinha-de-sobre-branco,218,8018,/wiki/andorinha-de-sobre-branco,midias.php?tm=s&t=s&s=11476,midias.php?tm=f&t=s&s=11476
11477,Hirundinidae,Tachycineta leucopyga,andorinha-chilena,13,881,/wiki/andorinha-chilena,midias.php?tm=s&t=s&s=11477,midias.php?tm=f&t=s&s=11477
11488,Hirundinidae,Riparia riparia,andorinha-do-barranco,6,860,/wiki/andorinha-do-barranco,midias.php?tm=s&t=s&s=11488,midias.php?tm=f&t=s&s=11488
11489,Hirundinidae,Hirundo rustica,andorinha-de-bando,92,4411,/wiki/andorinha-de-bando,midias.php?tm=s&t=s&s=11489,midias.php?tm=f&t=s&s=11489
11490,Hirundinidae,Petrochelidon pyrrhonota,andorinha-de-dorso-acanelado,34,1544,/wiki/andorinha-de-dorso-acanelado,midias.php?tm=s&t=s&s=11490,midias.php?tm=f&t=s&s=11490
11491,Troglodytidae,Microcerculus marginatus,uirapuru-veado,146,204,/wiki/uirapuru-veado,midias.php?tm=s&t=s&s=11491,midias.php?tm=f&t=s&s=11491
11492,Troglodytidae,Microcerculus ustulatus,flautista-do-tepui,3,16,/wiki/flautista-do-tepui,midias.php?tm=s&t=s&s=11492,midias.php?tm=f&t=s&s=11492
11493,Troglodytidae,Microcerculus bambla,uirapuru-de-asa-branca,25,45,/wiki/uirapuru-de-asa-branca,midias.php?tm=s&t=s&s=11493,midias.php?tm=f&t=s&s=11493
11494,Troglodytidae,Odontorchilus cinereus,cambaxirra-cinzenta,32,219,/wiki/cambaxirra-cinzenta,midias.php?tm=s&t=s&s=11494,midias.php?tm=f&t=s&s=11494
11495,Troglodytidae,Troglodytes musculus,corruíra,2108,24112,/wiki/corruira,midias.php?tm=s&t=s&s=11495,midias.php?tm=f&t=s&s=11495
11496,Troglodytidae,Troglodytes rufulus,corruíra-do-tepui,10,59,/wiki/corruira-do-tepui,midias.php?tm=s&t=s&s=11496,midias.php?tm=f&t=s&s=11496
11497,Troglodytidae,Cistothorus platensis,corruíra-do-campo,195,2092,/wiki/corruira-do-campo,midias.php?tm=s&t=s&s=11497,midias.php?tm=f&t=s&s=11497
11498,Troglodytidae,Campylorhynchus griseus,garrincha-dos-lhanos,27,448,/wiki/garrincha-dos-lhanos,midias.php?tm=s&t=s&s=11498,midias.php?tm=f&t=s&s=11498
11499,Troglodytidae,Campylorhynchus turdinus,catatau,364,3414,/wiki/catatau,midias.php?tm=s&t=s&s=11499,midias.php?tm=f&t=s&s=11499
11500,Troglodytidae,Pheugopedius genibarbis,garrinchão-pai-avô,985,2841,/wiki/garrinchao-pai-avo,midias.php?tm=s&t=s&s=11500,midias.php?tm=f&t=s&s=11500
11501,Troglodytidae,Pheugopedius coraya,garrinchão-coraia,196,486,/wiki/garrinchao-coraia,midias.php?tm=s&t=s&s=11501,midias.php?tm=f&t=s&s=11501
11502,Troglodytidae,Cantorchilus leucotis,garrinchão-de-barriga-vermelha,888,4037,/wiki/garrinchao-de-barriga-vermelha,midias.php?tm=s&t=s&s=11502,midias.php?tm=f&t=s&s=11502
11504,Troglodytidae,Cantorchilus longirostris,garrinchão-de-bico-grande,1250,4959,/wiki/garrinchao-de-bico-grande,midias.php?tm=s&t=s&s=11504,midias.php?tm=f&t=s&s=11504
11503,Troglodytidae,Cantorchilus guarayanus,garrincha-do-oeste,91,543,/wiki/garrincha-do-oeste,midias.php?tm=s&t=s&s=11503,midias.php?tm=f&t=s&s=11503
11505,Troglodytidae,Cantorchilus griseus,garrincha-cinza,12,33,/wiki/garrincha-cinza,midias.php?tm=s&t=s&s=11505,midias.php?tm=f&t=s&s=11505
11506,Troglodytidae,Henicorhina leucosticta,uirapuru-de-peito-branco,29,163,/wiki/uirapuru-de-peito-branco,midias.php?tm=s&t=s&s=11506,midias.php?tm=f&t=s&s=11506
11507,Troglodytidae,Cyphorhinus arada,uirapuru-da-guiana,92,327,/wiki/uirapuru-da-guiana,midias.php?tm=s&t=s&s=11507,midias.php?tm=f&t=s&s=11507
12056,Troglodytidae,Cyphorhinus transfluvialis,uirapuru-do-imeri,30,116,/wiki/uirapuru-do-imeri,midias.php?tm=s&t=s&s=12056,midias.php?tm=f&t=s&s=12056
12057,Troglodytidae,Cyphorhinus modulator,uirapuru-ferrugíneo,60,163,/wiki/uirapuru-ferrugineo,midias.php?tm=s&t=s&s=12057,midias.php?tm=f&t=s&s=12057
12058,Troglodytidae,Cyphorhinus interpositus,uirapuru-de-orelha-alaranjada,18,44,/wiki/uirapuru-de-orelha-alaranjada,midias.php?tm=s&t=s&s=12058,midias.php?tm=f&t=s&s=12058
12059,Troglodytidae,Cyphorhinus griseolateralis,uirapuru-de-flancos-cinza,25,126,/wiki/uirapuru-de-flancos-cinza,midias.php?tm=s&t=s&s=12059,midias.php?tm=f&t=s&s=12059
11509,Polioptilidae,Microbates collaris,chirito-de-coleira,37,49,/wiki/chirito-de-coleira,midias.php?tm=s&t=s&s=11509,midias.php?tm=f&t=s&s=11509
11510,Polioptilidae,Ramphocaenus melanurus,chirito,811,1921,/wiki/chirito,midias.php?tm=s&t=s&s=11510,midias.php?tm=f&t=s&s=11510
11989,Polioptilidae,Ramphocaenus sticturus,chirito-do-bambu,47,71,/wiki/chirito-do-bambu,midias.php?tm=s&t=s&s=11989,midias.php?tm=f&t=s&s=11989
12060,Polioptilidae,Polioptila innotata,balança-rabo-de-roraima,20,312,/wiki/balanca-rabo-de-roraima,midias.php?tm=s&t=s&s=12060,midias.php?tm=f&t=s&s=12060
11516,Polioptilidae,Polioptila dumicola,balança-rabo-de-máscara,653,8685,/wiki/balanca-rabo-de-mascara,midias.php?tm=s&t=s&s=11516,midias.php?tm=f&t=s&s=11516
12061,Polioptilidae,Polioptila atricapilla,balança-rabo-do-nordeste,318,4913,/wiki/balanca-rabo-do-nordeste,midias.php?tm=s&t=s&s=12061,midias.php?tm=f&t=s&s=12061
11511,Polioptilidae,Polioptila plumbea,balança-rabo-de-chapéu-preto,47,518,/wiki/balanca-rabo-de-chapeu-preto,midias.php?tm=s&t=s&s=11511,midias.php?tm=f&t=s&s=11511
12062,Polioptilidae,Polioptila parvirostris,balança-rabo-do-acre,6,51,/wiki/balanca-rabo-do-acre,midias.php?tm=s&t=s&s=12062,midias.php?tm=f&t=s&s=12062
11512,Polioptilidae,Polioptila lactea,balança-rabo-leitoso,78,528,/wiki/balanca-rabo-leitoso,midias.php?tm=s&t=s&s=11512,midias.php?tm=f&t=s&s=11512
11513,Polioptilidae,Polioptila guianensis,balança-rabo-guianense,2,15,/wiki/balanca-rabo-guianense,midias.php?tm=s&t=s&s=11513,midias.php?tm=f&t=s&s=11513
11514,Polioptilidae,Polioptila paraensis,balança-rabo-paraense,12,58,/wiki/balanca-rabo-paraense,midias.php?tm=s&t=s&s=11514,midias.php?tm=f&t=s&s=11514
11955,Polioptilidae,Polioptila attenboroughi,balança-rabo-do-inambari,10,41,/wiki/balanca-rabo-do-inambari,midias.php?tm=s&t=s&s=11955,midias.php?tm=f&t=s&s=11955
11515,Polioptilidae,Polioptila facilis,balança-rabo-do-rio-negro,3,3,/wiki/balanca-rabo-do-rio-negro,midias.php?tm=s&t=s&s=11515,midias.php?tm=f&t=s&s=11515
11508,Donacobiidae,Donacobius atricapilla,japacanim,705,10380,/wiki/japacanim,midias.php?tm=s&t=s&s=11508,midias.php?tm=f&t=s&s=11508
12063,Turdidae,Catharus aurantiirostris,sabiazinho-de-bico-laranja,7,18,/wiki/sabiazinho-de-bico-laranja,midias.php?tm=s&t=s&s=12063,midias.php?tm=f&t=s&s=12063
11517,Turdidae,Catharus fuscescens,sabiazinho-norte-americano,96,350,/wiki/sabiazinho-norte-americano,midias.php?tm=s&t=s&s=11517,midias.php?tm=f&t=s&s=11517
,Turdidae,Catharus minimus,sabiazinho-de-cara-cinza,0,12,/wiki/sabiazinho-de-cara-cinza,,midias.php?tm=f&t=s&s=11518
11519,Turdidae,Catharus swainsoni,sabiazinho-de-óculos,9,143,/wiki/sabiazinho-de-oculos,midias.php?tm=s&t=s&s=11519,midias.php?tm=f&t=s&s=11519
11520,Turdidae,Cichlopsis leucogenys,sabiá-castanho,38,300,/wiki/sabia-castanho,midias.php?tm=s&t=s&s=11520,midias.php?tm=f&t=s&s=11520
11956,Turdidae,Turdus iliacus,sabiá-ruivo,1,18,/wiki/sabia-ruivo,midias.php?tm=s&t=s&s=11956,midias.php?tm=f&t=s&s=11956
11521,Turdidae,Turdus leucops,sabiá-preto,4,15,/wiki/sabia-preto,midias.php?tm=s&t=s&s=11521,midias.php?tm=f&t=s&s=11521
11522,Turdidae,Turdus flavipes,sabiá-una,870,7969,/wiki/sabia-una,midias.php?tm=s&t=s&s=11522,midias.php?tm=f&t=s&s=11522
11525,Turdidae,Turdus leucomelas,sabiá-barranco,1967,26753,/wiki/sabia-barranco,midias.php?tm=s&t=s&s=11525,midias.php?tm=f&t=s&s=11525
11527,Turdidae,Turdus fumigatus,sabiá-da-mata,114,585,/wiki/sabia-da-mata,midias.php?tm=s&t=s&s=11527,midias.php?tm=f&t=s&s=11527
11526,Turdidae,Turdus hauxwelli,sabiá-bicolor,147,374,/wiki/sabia-bicolor,midias.php?tm=s&t=s&s=11526,midias.php?tm=f&t=s&s=11526
11523,Turdidae,Turdus rufiventris,sabiá-laranjeira,1790,29244,/wiki/sabia-laranjeira,midias.php?tm=s&t=s&s=11523,midias.php?tm=f&t=s&s=11523
11524,Turdidae,Turdus nudigenis,caraxué,72,547,/wiki/caraxue,midias.php?tm=s&t=s&s=11524,midias.php?tm=f&t=s&s=11524
11957,Turdidae,Turdus sanchezorum,sabiá-da-várzea,24,79,/wiki/sabia-da-varzea,midias.php?tm=s&t=s&s=11957,midias.php?tm=f&t=s&s=11957
11528,Turdidae,Turdus lawrencii,caraxué-de-bico-amarelo,22,44,/wiki/caraxue-de-bico-amarelo,midias.php?tm=s&t=s&s=11528,midias.php?tm=f&t=s&s=11528
12064,Turdidae,Turdus murinus,caraxué-dos-tepuis,1,45,/wiki/caraxue-dos-tepuis,midias.php?tm=s&t=s&s=12064,midias.php?tm=f&t=s&s=12064
11530,Turdidae,Turdus amaurochalinus,sabiá-poca,962,21308,/wiki/sabia-poca,midias.php?tm=s&t=s&s=11530,midias.php?tm=f&t=s&s=11530
11529,Turdidae,Turdus arthuri,caraxué-da-campina,19,163,/wiki/caraxue-da-campina,midias.php?tm=s&t=s&s=11529,midias.php?tm=f&t=s&s=11529
12065,Turdidae,Turdus debilis,caraxué-da-várzea,51,1053,/wiki/caraxue-da-varzea,midias.php?tm=s&t=s&s=12065,midias.php?tm=f&t=s&s=12065
11531,Turdidae,Turdus olivater,sabiá-de-cabeça-preta,2,85,/wiki/sabia-de-cabeca-preta,midias.php?tm=s&t=s&s=11531,midias.php?tm=f&t=s&s=11531
11532,Turdidae,Turdus subalaris,sabiá-ferreiro,792,2439,/wiki/sabia-ferreiro,midias.php?tm=s&t=s&s=11532,midias.php?tm=f&t=s&s=11532
11533,Turdidae,Turdus albicollis,sabiá-coleira,751,6871,/wiki/sabia-coleira,midias.php?tm=s&t=s&s=11533,midias.php?tm=f&t=s&s=11533
11534,Mimidae,Mimus gilvus,sabiá-da-praia,217,5199,/wiki/sabia-da-praia,midias.php?tm=s&t=s&s=11534,midias.php?tm=f&t=s&s=11534
11535,Mimidae,Mimus saturninus,sabiá-do-campo,1043,34136,/wiki/sabia-do-campo,midias.php?tm=s&t=s&s=11535,midias.php?tm=f&t=s&s=11535
11536,Mimidae,Mimus triurus,calhandra-de-três-rabos,69,2508,/wiki/calhandra-de-tres-rabos,midias.php?tm=s&t=s&s=11536,midias.php?tm=f&t=s&s=11536
12066,Sturnidae,Sturnus vulgaris,estorninho,15,678,/wiki/estorninho,midias.php?tm=s&t=s&s=12066,midias.php?tm=f&t=s&s=12066
11800,Estrildidae,Estrilda astrild,bico-de-lacre,352,14461,/wiki/bico-de-lacre,midias.php?tm=s&t=s&s=11800,midias.php?tm=f&t=s&s=11800
11801,Passeridae,Passer domesticus,pardal,745,19977,/wiki/pardal,midias.php?tm=s&t=s&s=11801,midias.php?tm=f&t=s&s=11801
11537,Motacillidae,Anthus chii,caminheiro-zumbidor,410,8826,/wiki/caminheiro-zumbidor,midias.php?tm=s&t=s&s=11537,midias.php?tm=f&t=s&s=11537
11538,Motacillidae,Anthus furcatus,caminheiro-de-unha-curta,28,766,/wiki/caminheiro-de-unha-curta,midias.php?tm=s&t=s&s=11538,midias.php?tm=f&t=s&s=11538
11539,Motacillidae,Anthus correndera,caminheiro-de-espora,72,1594,/wiki/caminheiro-de-espora,midias.php?tm=s&t=s&s=11539,midias.php?tm=f&t=s&s=11539
11540,Motacillidae,Anthus nattereri,caminheiro-dourado,68,693,/wiki/caminheiro-dourado,midias.php?tm=s&t=s&s=11540,midias.php?tm=f&t=s&s=11540
11730,Parulidae,Cardellina canadensis,mariquita-do-canadá,6,38,/wiki/mariquita-do-canada,midias.php?tm=s&t=s&s=11730,midias.php?tm=f&t=s&s=11730
11541,Motacillidae,Anthus hellmayri,caminheiro-de-barriga-acanelada,184,2494,/wiki/caminheiro-de-barriga-acanelada,midias.php?tm=s&t=s&s=11541,midias.php?tm=f&t=s&s=11541
11783,Fringillidae,Carduelis carduelis,pintassilgo-europeu,10,218,/wiki/pintassilgo-europeu,midias.php?tm=s&t=s&s=11783,midias.php?tm=f&t=s&s=11783
11784,Fringillidae,Spinus yarrellii,pintassilgo-do-nordeste,28,468,/wiki/pintassilgo-do-nordeste,midias.php?tm=s&t=s&s=11784,midias.php?tm=f&t=s&s=11784
11785,Fringillidae,Spinus magellanicus,pintassilgo,463,14873,/wiki/pintassilgo,midias.php?tm=s&t=s&s=11785,midias.php?tm=f&t=s&s=11785
11792,Fringillidae,Cyanophonia cyanocephala,gaturamo-rei,271,4490,/wiki/gaturamo-rei,midias.php?tm=s&t=s&s=11792,midias.php?tm=f&t=s&s=11792
11799,Fringillidae,Chlorophonia cyanea,gaturamo-bandeira,328,6720,/wiki/gaturamo-bandeira,midias.php?tm=s&t=s&s=11799,midias.php?tm=f&t=s&s=11799
11786,Fringillidae,Euphonia plumbea,gaturamo-miúdo,18,191,/wiki/gaturamo-miudo,midias.php?tm=s&t=s&s=11786,midias.php?tm=f&t=s&s=11786
11787,Fringillidae,Euphonia chlorotica,fim-fim,1348,21012,/wiki/fim-fim,midias.php?tm=s&t=s&s=11787,midias.php?tm=f&t=s&s=11787
11788,Fringillidae,Euphonia finschi,gaturamo-capim,14,229,/wiki/gaturamo-capim,midias.php?tm=s&t=s&s=11788,midias.php?tm=f&t=s&s=11788
11793,Fringillidae,Euphonia chrysopasta,gaturamo-verde,111,1481,/wiki/gaturamo-verde,midias.php?tm=s&t=s&s=11793,midias.php?tm=f&t=s&s=11793
11794,Fringillidae,Euphonia minuta,gaturamo-de-barriga-branca,22,412,/wiki/gaturamo-de-barriga-branca,midias.php?tm=s&t=s&s=11794,midias.php?tm=f&t=s&s=11794
11791,Fringillidae,Euphonia chalybea,cais-cais,350,3402,/wiki/cais-cais,midias.php?tm=s&t=s&s=11791,midias.php?tm=f&t=s&s=11791
11789,Fringillidae,Euphonia violacea,gaturamo-verdadeiro,716,20641,/wiki/gaturamo-verdadeiro,midias.php?tm=s&t=s&s=11789,midias.php?tm=f&t=s&s=11789
11790,Fringillidae,Euphonia laniirostris,gaturamo-de-bico-grosso,34,1261,/wiki/gaturamo-de-bico-grosso,midias.php?tm=s&t=s&s=11790,midias.php?tm=f&t=s&s=11790
11795,Fringillidae,Euphonia xanthogaster,fim-fim-grande,89,1400,/wiki/fim-fim-grande,midias.php?tm=s&t=s&s=11795,midias.php?tm=f&t=s&s=11795
11797,Fringillidae,Euphonia cayennensis,gaturamo-preto,39,584,/wiki/gaturamo-preto,midias.php?tm=s&t=s&s=11797,midias.php?tm=f&t=s&s=11797
11796,Fringillidae,Euphonia rufiventris,gaturamo-do-norte,61,802,/wiki/gaturamo-do-norte,midias.php?tm=s&t=s&s=11796,midias.php?tm=f&t=s&s=11796
11798,Fringillidae,Euphonia pectoralis,ferro-velho,322,12038,/wiki/ferro-velho,midias.php?tm=s&t=s&s=11798,midias.php?tm=f&t=s&s=11798
11630,Passerellidae,Ammodramus humeralis,tico-tico-do-campo,646,14282,/wiki/tico-tico-do-campo,midias.php?tm=s&t=s&s=11630,midias.php?tm=f&t=s&s=11630
11631,Passerellidae,Ammodramus aurifrons,cigarrinha-do-campo,121,2091,/wiki/cigarrinha-do-campo,midias.php?tm=s&t=s&s=11631,midias.php?tm=f&t=s&s=11631
11687,Passerellidae,Arremonops conirostris,tico-tico-cantor,23,152,/wiki/tico-tico-cantor,midias.php?tm=s&t=s&s=11687,midias.php?tm=f&t=s&s=11687
11688,Passerellidae,Arremon taciturnus,tico-tico-de-bico-preto,324,2619,/wiki/tico-tico-de-bico-preto,midias.php?tm=s&t=s&s=11688,midias.php?tm=f&t=s&s=11688
11690,Passerellidae,Arremon franciscanus,tico-tico-do-são-francisco,65,472,/wiki/tico-tico-do-sao-francisco,midias.php?tm=s&t=s&s=11690,midias.php?tm=f&t=s&s=11690
11689,Passerellidae,Arremon semitorquatus,tico-tico-do-mato,329,2359,/wiki/tico-tico-do-mato,midias.php?tm=s&t=s&s=11689,midias.php?tm=f&t=s&s=11689
11691,Passerellidae,Arremon flavirostris,tico-tico-de-bico-amarelo,326,3873,/wiki/tico-tico-de-bico-amarelo,midias.php?tm=s&t=s&s=11691,midias.php?tm=f&t=s&s=11691
12067,Passerellidae,Arremon polionotus,tico-tico-de-costas-cinza,119,1168,/wiki/tico-tico-de-costas-cinza,midias.php?tm=s&t=s&s=12067,midias.php?tm=f&t=s&s=12067
11629,Passerellidae,Zonotrichia capensis,tico-tico,1285,27834,/wiki/tico-tico,midias.php?tm=s&t=s&s=11629,midias.php?tm=f&t=s&s=11629
11692,Passerellidae,Atlapetes personatus,tico-tico-do-tepui,6,95,/wiki/tico-tico-do-tepui,midias.php?tm=s&t=s&s=11692,midias.php?tm=f&t=s&s=11692
11781,Icteridae,Dolichonyx oryzivorus,triste-pia,24,456,/wiki/triste-pia,midias.php?tm=s&t=s&s=11781,midias.php?tm=f&t=s&s=11781
11780,Icteridae,Sturnella magna,pedro-ceroulo,48,566,/wiki/pedro-ceroulo,midias.php?tm=s&t=s&s=11780,midias.php?tm=f&t=s&s=11780
11777,Icteridae,Leistes militaris,polícia-inglesa-do-norte,91,3272,/wiki/policia-inglesa-do-norte,midias.php?tm=s&t=s&s=11777,midias.php?tm=f&t=s&s=11777
11778,Icteridae,Leistes superciliaris,polícia-inglesa-do-sul,392,15429,/wiki/policia-inglesa-do-sul,midias.php?tm=s&t=s&s=11778,midias.php?tm=f&t=s&s=11778
11779,Icteridae,Leistes defilippii,peito-vermelho-grande,3,66,/wiki/peito-vermelho-grande,midias.php?tm=s&t=s&s=11779,midias.php?tm=f&t=s&s=11779
11742,Icteridae,Psarocolius angustifrons,japu-pardo,54,595,/wiki/japu-pardo,midias.php?tm=s&t=s&s=11742,midias.php?tm=f&t=s&s=11742
11744,Icteridae,Psarocolius decumanus,japu,510,8926,/wiki/japu,midias.php?tm=s&t=s&s=11744,midias.php?tm=f&t=s&s=11744
11743,Icteridae,Psarocolius viridis,japu-verde,79,1185,/wiki/japu-verde,midias.php?tm=s&t=s&s=11743,midias.php?tm=f&t=s&s=11743
11745,Icteridae,Psarocolius bifasciatus,japuguaçu,80,969,/wiki/japuguacu,midias.php?tm=s&t=s&s=11745,midias.php?tm=f&t=s&s=11745
11746,Icteridae,Cacicus solitarius,iraúna-de-bico-branco,253,2413,/wiki/irauna-de-bico-branco,midias.php?tm=s&t=s&s=11746,midias.php?tm=f&t=s&s=11746
11747,Icteridae,Cacicus chrysopterus,tecelão,516,6775,/wiki/tecelao,midias.php?tm=s&t=s&s=11747,midias.php?tm=f&t=s&s=11747
11751,Icteridae,Cacicus cela,xexéu,351,5530,/wiki/xexeu,midias.php?tm=s&t=s&s=11751,midias.php?tm=f&t=s&s=11751
11750,Icteridae,Cacicus latirostris,japu-de-rabo-verde,7,35,/wiki/japu-de-rabo-verde,midias.php?tm=s&t=s&s=11750,midias.php?tm=f&t=s&s=11750
11748,Icteridae,Cacicus haemorrhous,guaxe,820,12319,/wiki/guaxe,midias.php?tm=s&t=s&s=11748,midias.php?tm=f&t=s&s=11748
11749,Icteridae,Cacicus oseryi,japu-de-capacete,5,37,/wiki/japu-de-capacete,midias.php?tm=s&t=s&s=11749,midias.php?tm=f&t=s&s=11749
11757,Icteridae,Icterus croconotus,joão-pinto,114,3310,/wiki/joao-pinto,midias.php?tm=s&t=s&s=11757,midias.php?tm=f&t=s&s=11757
11756,Icteridae,Icterus jamacaii,corrupião,366,10455,/wiki/corrupiao,midias.php?tm=s&t=s&s=11756,midias.php?tm=f&t=s&s=11756
11752,Icteridae,Icterus pyrrhopterus,encontro,712,15059,/wiki/encontro,midias.php?tm=s&t=s&s=11752,midias.php?tm=f&t=s&s=11752
11753,Icteridae,Icterus chrysocephalus,rouxinol-do-rio-negro,18,364,/wiki/rouxinol-do-rio-negro,midias.php?tm=s&t=s&s=11753,midias.php?tm=f&t=s&s=11753
11857,Icteridae,Icterus cayanensis,inhapim,78,927,/wiki/inhapim,midias.php?tm=s&t=s&s=11857,midias.php?tm=f&t=s&s=11857
11754,Icteridae,Icterus galbula,corrupião-de-baltimore,4,86,/wiki/corrupiao-de-baltimore,midias.php?tm=s&t=s&s=11754,midias.php?tm=f&t=s&s=11754
11755,Icteridae,Icterus nigrogularis,joão-pinto-amarelo,19,557,/wiki/joao-pinto-amarelo,midias.php?tm=s&t=s&s=11755,midias.php?tm=f&t=s&s=11755
11773,Icteridae,Molothrus rufoaxillaris,chupim-azeviche,185,3193,/wiki/chupim-azeviche,midias.php?tm=s&t=s&s=11773,midias.php?tm=f&t=s&s=11773
11774,Icteridae,Molothrus oryzivorus,iraúna-grande,119,5273,/wiki/irauna-grande,midias.php?tm=s&t=s&s=11774,midias.php?tm=f&t=s&s=11774
11775,Icteridae,Molothrus bonariensis,chupim,545,27031,/wiki/chupim,midias.php?tm=s&t=s&s=11775,midias.php?tm=f&t=s&s=11775
11776,Icteridae,Quiscalus lugubris,iraúna-do-norte,3,107,/wiki/irauna-do-norte,midias.php?tm=s&t=s&s=11776,midias.php?tm=f&t=s&s=11776
11760,Icteridae,Lampropsar tanagrinus,iraúna-velada,14,79,/wiki/irauna-velada,midias.php?tm=s&t=s&s=11760,midias.php?tm=f&t=s&s=11760
11759,Icteridae,Gymnomystax mexicanus,iratauá-grande,25,1079,/wiki/irataua-grande,midias.php?tm=s&t=s&s=11759,midias.php?tm=f&t=s&s=11759
11758,Icteridae,Macroagelaius imthurni,iraúna-da-guiana,5,52,/wiki/irauna-da-guiana,midias.php?tm=s&t=s&s=11758,midias.php?tm=f&t=s&s=11758
11763,Icteridae,Amblyramphus holosericeus,cardeal-do-banhado,168,4095,/wiki/cardeal-do-banhado,midias.php?tm=s&t=s&s=11763,midias.php?tm=f&t=s&s=11763
11762,Icteridae,Anumara forbesi,anumará,39,434,/wiki/anumara,midias.php?tm=s&t=s&s=11762,midias.php?tm=f&t=s&s=11762
11761,Icteridae,Gnorimopsar chopi,pássaro-preto,1094,10137,/wiki/passaro-preto,midias.php?tm=s&t=s&s=11761,midias.php?tm=f&t=s&s=11761
11771,Icteridae,Agelaioides badius,asa-de-telha,334,7768,/wiki/asa-de-telha,midias.php?tm=s&t=s&s=11771,midias.php?tm=f&t=s&s=11771
11772,Icteridae,Agelaioides fringillarius,asa-de-telha-pálido,120,3331,/wiki/asa-de-telha-palido,midias.php?tm=s&t=s&s=11772,midias.php?tm=f&t=s&s=11772
11765,Icteridae,Agelasticus thilius,sargento,56,1567,/wiki/sargento,midias.php?tm=s&t=s&s=11765,midias.php?tm=f&t=s&s=11765
11764,Icteridae,Agelasticus atroolivaceus,carretão,120,2756,/wiki/carretao,midias.php?tm=s&t=s&s=11764,midias.php?tm=f&t=s&s=11764
12069,Icteridae,Agelasticus cyanopus,carretão-do-oeste,28,1278,/wiki/carretao-do-oeste,midias.php?tm=s&t=s&s=12069,midias.php?tm=f&t=s&s=12069
11766,Icteridae,Chrysomus ruficapillus,garibaldi,696,23041,/wiki/garibaldi,midias.php?tm=s&t=s&s=11766,midias.php?tm=f&t=s&s=11766
11767,Icteridae,Chrysomus icterocephalus,iratauá-pequeno,12,600,/wiki/irataua-pequeno,midias.php?tm=s&t=s&s=11767,midias.php?tm=f&t=s&s=11767
11768,Icteridae,Xanthopsar flavus,veste-amarela,60,1944,/wiki/veste-amarela,midias.php?tm=s&t=s&s=11768,midias.php?tm=f&t=s&s=11768
11769,Icteridae,Pseudoleistes guirahuro,chupim-do-brejo,595,12655,/wiki/chupim-do-brejo,midias.php?tm=s&t=s&s=11769,midias.php?tm=f&t=s&s=11769
11770,Icteridae,Pseudoleistes virescens,dragão,100,2673,/wiki/dragao,midias.php?tm=s&t=s&s=11770,midias.php?tm=f&t=s&s=11770
11727,Parulidae,Parkesia noveboracensis,abana-rabo-de-baixada,9,126,/wiki/abana-rabo-de-baixada,midias.php?tm=s&t=s&s=11727,midias.php?tm=f&t=s&s=11727
12070,Parulidae,Parkesia motacilla,abana-rabo-da-serra,4,15,/wiki/abana-rabo-da-serra,midias.php?tm=s&t=s&s=12070,midias.php?tm=f&t=s&s=12070
12071,Parulidae,Mniotilta varia,mariquita-riscadinha,4,80,/wiki/mariquita-riscadinha,midias.php?tm=s&t=s&s=12071,midias.php?tm=f&t=s&s=12071
12072,Parulidae,Leiothlypis peregrina,mariquita-do-tenessi,3,27,/wiki/mariquita-do-tenessi,midias.php?tm=s&t=s&s=12072,midias.php?tm=f&t=s&s=12072
12088,Parulidae,Setophaga tigrina,mariquita-tigrada,1,34,/wiki/mariquita-tigrada,midias.php?tm=s&t=s&s=12088,midias.php?tm=f&t=s&s=12088
,Parulidae,Geothlypis agilis,mariquita-de-connecticut,0,6,/wiki/mariquita-de-connecticut,,midias.php?tm=f&t=s&s=11728
11729,Parulidae,Geothlypis aequinoctialis,pia-cobra,1228,13544,/wiki/pia-cobra,midias.php?tm=s&t=s&s=11729,midias.php?tm=f&t=s&s=11729
11725,Parulidae,Setophaga ruticilla,mariquita-de-rabo-vermelho,12,322,/wiki/mariquita-de-rabo-vermelho,midias.php?tm=s&t=s&s=11725,midias.php?tm=f&t=s&s=11725
11723,Parulidae,Setophaga cerulea,mariquita-azul,4,24,/wiki/mariquita-azul,midias.php?tm=s&t=s&s=11723,midias.php?tm=f&t=s&s=11723
11719,Parulidae,Setophaga pitiayumi,mariquita,820,13138,/wiki/mariquita,midias.php?tm=s&t=s&s=11719,midias.php?tm=f&t=s&s=11719
11722,Parulidae,Setophaga fusca,mariquita-papo-de-fogo,6,162,/wiki/mariquita-papo-de-fogo,midias.php?tm=s&t=s&s=11722,midias.php?tm=f&t=s&s=11722
11720,Parulidae,Setophaga petechia,mariquita-amarela,23,414,/wiki/mariquita-amarela,midias.php?tm=s&t=s&s=11720,midias.php?tm=f&t=s&s=11720
11721,Parulidae,Setophaga striata,mariquita-de-perna-clara,13,465,/wiki/mariquita-de-perna-clara,midias.php?tm=s&t=s&s=11721,midias.php?tm=f&t=s&s=11721
11724,Parulidae,Setophaga virens,mariquita-de-garganta-preta,7,40,/wiki/mariquita-de-garganta-preta,midias.php?tm=s&t=s&s=11724,midias.php?tm=f&t=s&s=11724
11738,Parulidae,Myiothlypis leucophrys,pula-pula-de-sobrancelha,200,1214,/wiki/pula-pula-de-sobrancelha,midias.php?tm=s&t=s&s=11738,midias.php?tm=f&t=s&s=11738
11736,Parulidae,Myiothlypis flaveola,canário-do-mato,1137,6157,/wiki/canario-do-mato,midias.php?tm=s&t=s&s=11736,midias.php?tm=f&t=s&s=11736
11737,Parulidae,Myiothlypis leucoblephara,pula-pula-assobiador,1016,5611,/wiki/pula-pula-assobiador,midias.php?tm=s&t=s&s=11737,midias.php?tm=f&t=s&s=11737
11739,Parulidae,Myiothlypis fulvicauda,pula-pula-de-cauda-avermelhada,45,146,/wiki/pula-pula-de-cauda-avermelhada,midias.php?tm=s&t=s&s=11739,midias.php?tm=f&t=s&s=11739
11740,Parulidae,Myiothlypis rivularis,pula-pula-ribeirinho,396,3638,/wiki/pula-pula-ribeirinho,midias.php?tm=s&t=s&s=11740,midias.php?tm=f&t=s&s=11740
11733,Parulidae,Myiothlypis bivittata,pula-pula-de-duas-fitas,5,69,/wiki/pula-pula-de-duas-fitas,midias.php?tm=s&t=s&s=11733,midias.php?tm=f&t=s&s=11733
11822,Parulidae,Myiothlypis mesoleuca,pula-pula-da-guiana,77,205,/wiki/pula-pula-da-guiana,midias.php?tm=s&t=s&s=11822,midias.php?tm=f&t=s&s=11822
11734,Parulidae,Basileuterus culicivorus,pula-pula,1250,14605,/wiki/pula-pula,midias.php?tm=s&t=s&s=11734,midias.php?tm=f&t=s&s=11734
11731,Parulidae,Myioborus miniatus,mariquita-cinza,7,150,/wiki/mariquita-cinza,midias.php?tm=s&t=s&s=11731,midias.php?tm=f&t=s&s=11731
11732,Parulidae,Myioborus castaneocapilla,mariquita-de-cabeça-parda,2,66,/wiki/mariquita-de-cabeca-parda,midias.php?tm=s&t=s&s=11732,midias.php?tm=f&t=s&s=11732
11554,Mitrospingidae,Mitrospingus oleagineus,pipira-olivácea,5,45,/wiki/pipira-olivacea,midias.php?tm=s&t=s&s=11554,midias.php?tm=f&t=s&s=11554
11550,Mitrospingidae,Lamprospiza melanoleuca,pipira-de-bico-vermelho,74,800,/wiki/pipira-de-bico-vermelho,midias.php?tm=s&t=s&s=11550,midias.php?tm=f&t=s&s=11550
11555,Mitrospingidae,Orthogonys chloricterus,catirumbava,213,4692,/wiki/catirumbava,midias.php?tm=s&t=s&s=11555,midias.php?tm=f&t=s&s=11555
11560,Cardinalidae,Piranga flava,sanhaço-de-fogo,153,8468,/wiki/sanhaco-de-fogo,midias.php?tm=s&t=s&s=11560,midias.php?tm=f&t=s&s=11560
11561,Cardinalidae,Piranga lutea,sanhaço-montano,1,22,/wiki/sanhaco-montano,midias.php?tm=s&t=s&s=11561,midias.php?tm=f&t=s&s=11561
11562,Cardinalidae,Piranga rubra,sanhaço-vermelho,6,525,/wiki/sanhaco-vermelho,midias.php?tm=s&t=s&s=11562,midias.php?tm=f&t=s&s=11562
11563,Cardinalidae,Piranga olivacea,sanhaço-escarlate,3,62,/wiki/sanhaco-escarlate,midias.php?tm=s&t=s&s=11563,midias.php?tm=f&t=s&s=11563
11564,Cardinalidae,Piranga leucoptera,sanhaço-de-asa-branca,3,59,/wiki/sanhaco-de-asa-branca,midias.php?tm=s&t=s&s=11564,midias.php?tm=f&t=s&s=11564
11565,Cardinalidae,Habia rubra,tiê-do-mato-grosso,42,182,/wiki/tie-do-mato-grosso,midias.php?tm=s&t=s&s=11565,midias.php?tm=f&t=s&s=11565
11990,Cardinalidae,Habia rubica,tiê-de-bando,737,5590,/wiki/tie-de-bando,midias.php?tm=s&t=s&s=11990,midias.php?tm=f&t=s&s=11990
11703,Cardinalidae,Pheucticus aureoventris,rei-do-bosque,10,290,/wiki/rei-do-bosque,midias.php?tm=s&t=s&s=11703,midias.php?tm=f&t=s&s=11703
12073,Cardinalidae,Pheucticus ludovicianus,bico-grosso-de-peito-rosa,3,49,/wiki/bico-grosso-de-peito-rosa,midias.php?tm=s&t=s&s=12073,midias.php?tm=f&t=s&s=12073
11741,Cardinalidae,Granatellus pelzelni,polícia-do-mato,104,545,/wiki/policia-do-mato,midias.php?tm=s&t=s&s=11741,midias.php?tm=f&t=s&s=11741
12074,Cardinalidae,Caryothraustes canadensis,furriel-do-norte,100,737,/wiki/furriel-do-norte,midias.php?tm=s&t=s&s=12074,midias.php?tm=f&t=s&s=12074
11704,Cardinalidae,Caryothraustes brasiliensis,furriel,177,1142,/wiki/furriel,midias.php?tm=s&t=s&s=11704,midias.php?tm=f&t=s&s=11704
11706,Cardinalidae,Periporphyrus erythromelas,bicudo-encarnado,15,55,/wiki/bicudo-encarnado,midias.php?tm=s&t=s&s=11706,midias.php?tm=f&t=s&s=11706
11682,Cardinalidae,Amaurospiza moesta,negrinho-do-mato,214,1361,/wiki/negrinho-do-mato,midias.php?tm=s&t=s&s=11682,midias.php?tm=f&t=s&s=11682
11716,Cardinalidae,Cyanoloxia rothschildii,azulão-da-amazônia,198,444,/wiki/azulao-da-amazonia,midias.php?tm=s&t=s&s=11716,midias.php?tm=f&t=s&s=11716
11715,Cardinalidae,Cyanoloxia glaucocaerulea,azulinho,174,2952,/wiki/azulinho,midias.php?tm=s&t=s&s=11715,midias.php?tm=f&t=s&s=11715
11717,Cardinalidae,Cyanoloxia brissonii,azulão,789,7961,/wiki/azulao,midias.php?tm=s&t=s&s=11717,midias.php?tm=f&t=s&s=11717
,Cardinalidae,Spiza americana,papa-capim-americano,0,7,/wiki/papa-capim-americano,,midias.php?tm=f&t=s&s=11718
11693,Thraupidae,Charitospiza eucosma,mineirinho,101,2356,/wiki/mineirinho,midias.php?tm=s&t=s&s=11693,midias.php?tm=f&t=s&s=11693
11705,Thraupidae,Parkerthraustes humeralis,furriel-de-encontro,19,250,/wiki/furriel-de-encontro,midias.php?tm=s&t=s&s=11705,midias.php?tm=f&t=s&s=11705
11543,Thraupidae,Orchesticus abeillei,sanhaço-pardo,159,1630,/wiki/sanhaco-pardo,midias.php?tm=s&t=s&s=11543,midias.php?tm=f&t=s&s=11543
11552,Thraupidae,Nemosia pileata,saíra-de-chapéu-preto,340,12057,/wiki/saira-de-chapeu-preto,midias.php?tm=s&t=s&s=11552,midias.php?tm=f&t=s&s=11552
11553,Thraupidae,Nemosia rourei,saíra-apunhalada,24,244,/wiki/saira-apunhalada,midias.php?tm=s&t=s&s=11553,midias.php?tm=f&t=s&s=11553
11586,Thraupidae,Cyanicterus cyanicterus,pipira-azul,15,147,/wiki/pipira-azul,midias.php?tm=s&t=s&s=11586,midias.php?tm=f&t=s&s=11586
11551,Thraupidae,Compsothraupis loricata,tiê-caburé,412,2447,/wiki/tie-cabure,midias.php?tm=s&t=s&s=11551,midias.php?tm=f&t=s&s=11551
11694,Thraupidae,Coryphaspiza melanotis,tico-tico-de-máscara-negra,100,1829,/wiki/tico-tico-de-mascara-negra,midias.php?tm=s&t=s&s=11694,midias.php?tm=f&t=s&s=11694
11648,Thraupidae,Embernagra platensis,sabiá-do-banhado,458,8549,/wiki/sabia-do-banhado,midias.php?tm=s&t=s&s=11648,midias.php?tm=f&t=s&s=11648
11649,Thraupidae,Embernagra longicauda,rabo-mole-da-serra,187,1917,/wiki/rabo-mole-da-serra,midias.php?tm=s&t=s&s=11649,midias.php?tm=f&t=s&s=11649
11646,Thraupidae,Emberizoides herbicola,canário-do-campo,592,9481,/wiki/canario-do-campo,midias.php?tm=s&t=s&s=11646,midias.php?tm=f&t=s&s=11646
11647,Thraupidae,Emberizoides ypiranganus,canário-do-brejo,160,1834,/wiki/canario-do-brejo,midias.php?tm=s&t=s&s=11647,midias.php?tm=f&t=s&s=11647
11633,Thraupidae,Rhopospina fruticeti,canário-andino-negro,6,225,/wiki/canario-andino-negro,midias.php?tm=s&t=s&s=11633,midias.php?tm=f&t=s&s=11633
11632,Thraupidae,Porphyrospiza caerulescens,campainha-azul,140,3379,/wiki/campainha-azul,midias.php?tm=s&t=s&s=11632,midias.php?tm=f&t=s&s=11632
11620,Thraupidae,Chlorophanes spiza,saí-verde,130,7002,/wiki/sai-verde,midias.php?tm=s&t=s&s=11620,midias.php?tm=f&t=s&s=11620
11623,Thraupidae,Hemithraupis flavicollis,saíra-galega,91,2660,/wiki/saira-galega,midias.php?tm=s&t=s&s=11623,midias.php?tm=f&t=s&s=11623
11621,Thraupidae,Hemithraupis guira,saíra-de-papo-preto,483,6851,/wiki/saira-de-papo-preto,midias.php?tm=s&t=s&s=11621,midias.php?tm=f&t=s&s=11621
11622,Thraupidae,Hemithraupis ruficapilla,saíra-ferrugem,430,9044,/wiki/saira-ferrugem,midias.php?tm=s&t=s&s=11622,midias.php?tm=f&t=s&s=11622
11611,Thraupidae,Tersina viridis,saí-andorinha,448,20221,/wiki/sai-andorinha,midias.php?tm=s&t=s&s=11611,midias.php?tm=f&t=s&s=11611
11617,Thraupidae,Cyanerpes nitidus,saí-de-bico-curto,11,487,/wiki/sai-de-bico-curto,midias.php?tm=s&t=s&s=11617,midias.php?tm=f&t=s&s=11617
11618,Thraupidae,Cyanerpes caeruleus,saí-de-perna-amarela,31,1913,/wiki/sai-de-perna-amarela,midias.php?tm=s&t=s&s=11618,midias.php?tm=f&t=s&s=11618
11619,Thraupidae,Cyanerpes cyaneus,saíra-beija-flor,136,5250,/wiki/saira-beija-flor,midias.php?tm=s&t=s&s=11619,midias.php?tm=f&t=s&s=11619
11612,Thraupidae,Dacnis albiventris,saí-de-barriga-branca,10,58,/wiki/sai-de-barriga-branca,midias.php?tm=s&t=s&s=11612,midias.php?tm=f&t=s&s=11612
11615,Thraupidae,Dacnis nigripes,saí-de-pernas-pretas,24,1896,/wiki/sai-de-pernas-pretas,midias.php?tm=s&t=s&s=11615,midias.php?tm=f&t=s&s=11615
11614,Thraupidae,Dacnis flaviventer,saí-amarela,19,1014,/wiki/sai-amarela,midias.php?tm=s&t=s&s=11614,midias.php?tm=f&t=s&s=11614
11616,Thraupidae,Dacnis cayana,saí-azul,369,37005,/wiki/sai-azul,midias.php?tm=s&t=s&s=11616,midias.php?tm=f&t=s&s=11616
11613,Thraupidae,Dacnis lineata,saí-de-máscara-preta,24,1225,/wiki/sai-de-mascara-preta,midias.php?tm=s&t=s&s=11613,midias.php?tm=f&t=s&s=11613
11714,Thraupidae,Saltatricula atricollis,batuqueiro,505,6919,/wiki/batuqueiro,midias.php?tm=s&t=s&s=11714,midias.php?tm=f&t=s&s=11714
11959,Thraupidae,Saltatricula multicolor,batuqueiro-chaquenho,5,84,/wiki/batuqueiro-chaquenho,midias.php?tm=s&t=s&s=11959,midias.php?tm=f&t=s&s=11959
11709,Thraupidae,Saltator maximus,tempera-viola,453,4823,/wiki/tempera-viola,midias.php?tm=s&t=s&s=11709,midias.php?tm=f&t=s&s=11709
11710,Thraupidae,Saltator coerulescens,trinca-ferro-gongá,383,4447,/wiki/trinca-ferro-gonga,midias.php?tm=s&t=s&s=11710,midias.php?tm=f&t=s&s=11710
11711,Thraupidae,Saltator similis,trinca-ferro,1539,13742,/wiki/trinca-ferro,midias.php?tm=s&t=s&s=11711,midias.php?tm=f&t=s&s=11711
11712,Thraupidae,Saltator maxillosus,bico-grosso,143,2831,/wiki/bico-grosso,midias.php?tm=s&t=s&s=11712,midias.php?tm=f&t=s&s=11712
11713,Thraupidae,Saltator aurantiirostris,bico-duro,117,1894,/wiki/bico-duro,midias.php?tm=s&t=s&s=11713,midias.php?tm=f&t=s&s=11713
11707,Thraupidae,Saltator grossus,bico-encarnado,171,549,/wiki/bico-encarnado,midias.php?tm=s&t=s&s=11707,midias.php?tm=f&t=s&s=11707
11708,Thraupidae,Saltator fuliginosus,bico-de-pimenta,667,4329,/wiki/bico-de-pimenta,midias.php?tm=s&t=s&s=11708,midias.php?tm=f&t=s&s=11708
11542,Thraupidae,Coereba flaveola,cambacica,1286,23677,/wiki/cambacica,midias.php?tm=s&t=s&s=11542,midias.php?tm=f&t=s&s=11542
11685,Thraupidae,Asemospiza obscura,cigarra-parda,2,37,/wiki/cigarra-parda,midias.php?tm=s&t=s&s=11685,midias.php?tm=f&t=s&s=11685
11686,Thraupidae,Asemospiza fuliginosa,cigarra-preta,478,3891,/wiki/cigarra-preta,midias.php?tm=s&t=s&s=11686,midias.php?tm=f&t=s&s=11686
11650,Thraupidae,Volatinia jacarina,tiziu,861,24694,/wiki/tiziu,midias.php?tm=s&t=s&s=11650,midias.php?tm=f&t=s&s=11650
11548,Thraupidae,Conothraupis speculigera,tiê-preto-e-branco,3,27,/wiki/tie-preto-e-branco,midias.php?tm=s&t=s&s=11548,midias.php?tm=f&t=s&s=11548
11549,Thraupidae,Conothraupis mesoleuca,tiê-bicudo,33,326,/wiki/tie-bicudo,midias.php?tm=s&t=s&s=11549,midias.php?tm=f&t=s&s=11549
11566,Thraupidae,Eucometis penicillata,pipira-da-taoca,239,4190,/wiki/pipira-da-taoca,midias.php?tm=s&t=s&s=11566,midias.php?tm=f&t=s&s=11566
11559,Thraupidae,Trichothraupis melanops,tiê-de-topete,459,14626,/wiki/tie-de-topete,midias.php?tm=s&t=s&s=11559,midias.php?tm=f&t=s&s=11559
11571,Thraupidae,Loriotus luctuosus,tem-tem-de-dragona-branca,45,1326,/wiki/tem-tem-de-dragona-branca,midias.php?tm=s&t=s&s=11571,midias.php?tm=f&t=s&s=11571
11567,Thraupidae,Loriotus cristatus,tiê-galo,187,7713,/wiki/tie-galo,midias.php?tm=s&t=s&s=11567,midias.php?tm=f&t=s&s=11567
11569,Thraupidae,Loriotus rufiventer,tem-tem-de-crista-amarela,4,54,/wiki/tem-tem-de-crista-amarela,midias.php?tm=s&t=s&s=11569,midias.php?tm=f&t=s&s=11569
11695,Thraupidae,Coryphospingus pileatus,tico-tico-rei-cinza,421,9453,/wiki/tico-tico-rei-cinza,midias.php?tm=s&t=s&s=11695,midias.php?tm=f&t=s&s=11695
11696,Thraupidae,Coryphospingus cucullatus,tico-tico-rei,394,11534,/wiki/tico-tico-rei,midias.php?tm=s&t=s&s=11696,midias.php?tm=f&t=s&s=11696
11570,Thraupidae,Maschalethraupis surinamus,tem-tem-de-topete-ferrugíneo,39,1292,/wiki/tem-tem-de-topete-ferrugineo,midias.php?tm=s&t=s&s=11570,midias.php?tm=f&t=s&s=11570
11576,Thraupidae,Lanio versicolor,pipira-de-asa-branca,26,424,/wiki/pipira-de-asa-branca,midias.php?tm=s&t=s&s=11576,midias.php?tm=f&t=s&s=11576
11575,Thraupidae,Lanio fulvus,pipira-parda,27,210,/wiki/pipira-parda,midias.php?tm=s&t=s&s=11575,midias.php?tm=f&t=s&s=11575
11574,Thraupidae,Tachyphonus phoenicius,tem-tem-de-dragona-vermelha,7,437,/wiki/tem-tem-de-dragona-vermelha,midias.php?tm=s&t=s&s=11574,midias.php?tm=f&t=s&s=11574
11573,Thraupidae,Tachyphonus rufus,pipira-preta,161,7093,/wiki/pipira-preta,midias.php?tm=s&t=s&s=11573,midias.php?tm=f&t=s&s=11573
11572,Thraupidae,Tachyphonus coronatus,tiê-preto,1069,25819,/wiki/tie-preto,midias.php?tm=s&t=s&s=11572,midias.php?tm=f&t=s&s=11572
11579,Thraupidae,Ramphocelus bresilia,tiê-sangue,348,18515,/wiki/tie-sangue,midias.php?tm=s&t=s&s=11579,midias.php?tm=f&t=s&s=11579
11577,Thraupidae,Ramphocelus nigrogularis,pipira-de-máscara,26,501,/wiki/pipira-de-mascara,midias.php?tm=s&t=s&s=11577,midias.php?tm=f&t=s&s=11577
11578,Thraupidae,Ramphocelus carbo,pipira-vermelha,462,11088,/wiki/pipira-vermelha,midias.php?tm=s&t=s&s=11578,midias.php?tm=f&t=s&s=11578
11660,Thraupidae,Sporophila lineola,bigodinho,872,14849,/wiki/bigodinho,midias.php?tm=s&t=s&s=11660,midias.php?tm=f&t=s&s=11660
11651,Thraupidae,Sporophila frontalis,pixoxó,579,1822,/wiki/pixoxo,midias.php?tm=s&t=s&s=11651,midias.php?tm=f&t=s&s=11651
11652,Thraupidae,Sporophila falcirostris,cigarrinha-do-sul,325,1387,/wiki/cigarrinha-do-sul,midias.php?tm=s&t=s&s=11652,midias.php?tm=f&t=s&s=11652
11653,Thraupidae,Sporophila schistacea,cigarrinha-do-norte,44,155,/wiki/cigarrinha-do-norte,midias.php?tm=s&t=s&s=11653,midias.php?tm=f&t=s&s=11653
11654,Thraupidae,Sporophila intermedia,papa-capim-cinza,16,496,/wiki/papa-capim-cinza,midias.php?tm=s&t=s&s=11654,midias.php?tm=f&t=s&s=11654
11655,Thraupidae,Sporophila plumbea,patativa,152,3856,/wiki/patativa,midias.php?tm=s&t=s&s=11655,midias.php?tm=f&t=s&s=11655
11962,Thraupidae,Sporophila beltoni,patativa-tropeira,41,695,/wiki/patativa-tropeira,midias.php?tm=s&t=s&s=11962,midias.php?tm=f&t=s&s=11962
11656,Thraupidae,Sporophila americana,coleiro-do-norte,32,1626,/wiki/coleiro-do-norte,midias.php?tm=s&t=s&s=11656,midias.php?tm=f&t=s&s=11656
11657,Thraupidae,Sporophila murallae,papa-capim-de-caquetá,6,69,/wiki/papa-capim-de-caqueta,midias.php?tm=s&t=s&s=11657,midias.php?tm=f&t=s&s=11657
11658,Thraupidae,Sporophila collaris,coleiro-do-brejo,141,9284,/wiki/coleiro-do-brejo,midias.php?tm=s&t=s&s=11658,midias.php?tm=f&t=s&s=11658
11659,Thraupidae,Sporophila bouvronides,estrela-do-norte,6,343,/wiki/estrela-do-norte,midias.php?tm=s&t=s&s=11659,midias.php?tm=f&t=s&s=11659
,Thraupidae,Sporophila luctuosa,papa-capim-preto-e-branco,0,39,/wiki/papa-capim-preto-e-branco,,midias.php?tm=f&t=s&s=11661
11662,Thraupidae,Sporophila nigricollis,baiano,433,11344,/wiki/baiano,midias.php?tm=s&t=s&s=11662,midias.php?tm=f&t=s&s=11662
11663,Thraupidae,Sporophila ardesiaca,papa-capim-de-costas-cinza,108,3182,/wiki/papa-capim-de-costas-cinza,midias.php?tm=s&t=s&s=11663,midias.php?tm=f&t=s&s=11663
11665,Thraupidae,Sporophila caerulescens,coleirinho,786,25958,/wiki/coleirinho,midias.php?tm=s&t=s&s=11665,midias.php?tm=f&t=s&s=11665
11666,Thraupidae,Sporophila albogularis,golinho,122,6099,/wiki/golinho,midias.php?tm=s&t=s&s=11666,midias.php?tm=f&t=s&s=11666
11667,Thraupidae,Sporophila leucoptera,chorão,394,10617,/wiki/chorao,midias.php?tm=s&t=s&s=11667,midias.php?tm=f&t=s&s=11667
11668,Thraupidae,Sporophila nigrorufa,caboclinho-do-sertão,11,104,/wiki/caboclinho-do-sertao,midias.php?tm=s&t=s&s=11668,midias.php?tm=f&t=s&s=11668
11669,Thraupidae,Sporophila bouvreuil,caboclinho,181,4785,/wiki/caboclinho,midias.php?tm=s&t=s&s=11669,midias.php?tm=f&t=s&s=11669
11963,Thraupidae,Sporophila pileata,caboclinho-coroado,172,4536,/wiki/caboclinho-coroado,midias.php?tm=s&t=s&s=11963,midias.php?tm=f&t=s&s=11963
11670,Thraupidae,Sporophila minuta,caboclinho-lindo,21,811,/wiki/caboclinho-lindo,midias.php?tm=s&t=s&s=11670,midias.php?tm=f&t=s&s=11670
11671,Thraupidae,Sporophila hypoxantha,caboclinho-de-barriga-vermelha,101,3128,/wiki/caboclinho-de-barriga-vermelha,midias.php?tm=s&t=s&s=11671,midias.php?tm=f&t=s&s=11671
11672,Thraupidae,Sporophila ruficollis,caboclinho-de-papo-escuro,42,1102,/wiki/caboclinho-de-papo-escuro,midias.php?tm=s&t=s&s=11672,midias.php?tm=f&t=s&s=11672
12075,Thraupidae,Sporophila iberaensis,caboclinho-do-pantanal,12,263,/wiki/caboclinho-do-pantanal,midias.php?tm=s&t=s&s=12075,midias.php?tm=f&t=s&s=12075
11673,Thraupidae,Sporophila palustris,caboclinho-de-papo-branco,38,1445,/wiki/caboclinho-de-papo-branco,midias.php?tm=s&t=s&s=11673,midias.php?tm=f&t=s&s=11673
11674,Thraupidae,Sporophila castaneiventris,caboclinho-de-peito-castanho,67,2105,/wiki/caboclinho-de-peito-castanho,midias.php?tm=s&t=s&s=11674,midias.php?tm=f&t=s&s=11674
11675,Thraupidae,Sporophila hypochroma,caboclinho-de-sobre-ferrugem,14,261,/wiki/caboclinho-de-sobre-ferrugem,midias.php?tm=s&t=s&s=11675,midias.php?tm=f&t=s&s=11675
11676,Thraupidae,Sporophila cinnamomea,caboclinho-de-chapéu-cinzento,47,1921,/wiki/caboclinho-de-chapeu-cinzento,midias.php?tm=s&t=s&s=11676,midias.php?tm=f&t=s&s=11676
11678,Thraupidae,Sporophila melanogaster,caboclinho-de-barriga-preta,101,3035,/wiki/caboclinho-de-barriga-preta,midias.php?tm=s&t=s&s=11678,midias.php?tm=f&t=s&s=11678
11679,Thraupidae,Sporophila angolensis,curió,650,7004,/wiki/curio,midias.php?tm=s&t=s&s=11679,midias.php?tm=f&t=s&s=11679
11680,Thraupidae,Sporophila crassirostris,bicudinho,14,139,/wiki/bicudinho,midias.php?tm=s&t=s&s=11680,midias.php?tm=f&t=s&s=11680
11681,Thraupidae,Sporophila maximiliani,bicudo,16,106,/wiki/bicudo,midias.php?tm=s&t=s&s=11681,midias.php?tm=f&t=s&s=11681
11683,Thraupidae,Dolospingus fringilloides,papa-capim-de-coleira,24,160,/wiki/papa-capim-de-coleira,midias.php?tm=s&t=s&s=11683,midias.php?tm=f&t=s&s=11683
11638,Thraupidae,Poospiza nigrorufa,quem-te-vestiu,216,3501,/wiki/quem-te-vestiu,midias.php?tm=s&t=s&s=11638,midias.php?tm=f&t=s&s=11638
11556,Thraupidae,Thlypopsis sordida,saí-canário,386,8121,/wiki/sai-canario,midias.php?tm=s&t=s&s=11556,midias.php?tm=f&t=s&s=11556
11557,Thraupidae,Thlypopsis pyrrhocoma,cabecinha-castanha,276,2613,/wiki/cabecinha-castanha,midias.php?tm=s&t=s&s=11557,midias.php?tm=f&t=s&s=11557
11637,Thraupidae,Castanozoster thoracicus,peito-pinhão,71,1859,/wiki/peito-pinhao,midias.php?tm=s&t=s&s=11637,midias.php?tm=f&t=s&s=11637
11558,Thraupidae,Cypsnagra hirundinacea,bandoleta,210,3098,/wiki/bandoleta,midias.php?tm=s&t=s&s=11558,midias.php?tm=f&t=s&s=11558
11636,Thraupidae,Donacospiza albifrons,tico-tico-do-banhado,154,3811,/wiki/tico-tico-do-banhado,midias.php?tm=s&t=s&s=11636,midias.php?tm=f&t=s&s=11636
11639,Thraupidae,Microspingus lateralis,quete-do-sudeste,128,3502,/wiki/quete-do-sudeste,midias.php?tm=s&t=s&s=11639,midias.php?tm=f&t=s&s=11639
11821,Thraupidae,Microspingus cabanisi,quete-do-sul,272,4491,/wiki/quete-do-sul,midias.php?tm=s&t=s&s=11821,midias.php?tm=f&t=s&s=11821
11640,Thraupidae,Microspingus melanoleucus,capacetinho,43,965,/wiki/capacetinho,midias.php?tm=s&t=s&s=11640,midias.php?tm=f&t=s&s=11640
11641,Thraupidae,Microspingus cinereus,capacetinho-do-oco-do-pau,136,3016,/wiki/capacetinho-do-oco-do-pau,midias.php?tm=s&t=s&s=11641,midias.php?tm=f&t=s&s=11641
11624,Thraupidae,Conirostrum speciosum,figuinha-de-rabo-castanho,514,11917,/wiki/figuinha-de-rabo-castanho,midias.php?tm=s&t=s&s=11624,midias.php?tm=f&t=s&s=11624
11625,Thraupidae,Conirostrum bicolor,figuinha-do-mangue,147,3220,/wiki/figuinha-do-mangue,midias.php?tm=s&t=s&s=11625,midias.php?tm=f&t=s&s=11625
11626,Thraupidae,Conirostrum margaritae,figuinha-amazônica,21,332,/wiki/figuinha-amazonica,midias.php?tm=s&t=s&s=11626,midias.php?tm=f&t=s&s=11626
11642,Thraupidae,Sicalis citrina,canário-rasteiro,290,2797,/wiki/canario-rasteiro,midias.php?tm=s&t=s&s=11642,midias.php?tm=f&t=s&s=11642
11644,Thraupidae,Sicalis flaveola,canário-da-terra,1209,53364,/wiki/canario-da-terra,midias.php?tm=s&t=s&s=11644,midias.php?tm=f&t=s&s=11644
11643,Thraupidae,Sicalis columbiana,canário-do-amazonas,59,2783,/wiki/canario-do-amazonas,midias.php?tm=s&t=s&s=11643,midias.php?tm=f&t=s&s=11643
11645,Thraupidae,Sicalis luteola,tipio,494,8594,/wiki/tipio,midias.php?tm=s&t=s&s=11645,midias.php?tm=f&t=s&s=11645
11635,Thraupidae,Haplospiza unicolor,cigarra-bambu,422,3813,/wiki/cigarra-bambu,midias.php?tm=s&t=s&s=11635,midias.php?tm=f&t=s&s=11635
11782,Fringillidae,Chloris chloris,verdelhão,7,126,/wiki/verdelhao,midias.php?tm=s&t=s&s=11782,midias.php?tm=f&t=s&s=11782
11684,Thraupidae,Catamenia homochroa,patativa-da-amazônia,4,60,/wiki/patativa-da-amazonia,midias.php?tm=s&t=s&s=11684,midias.php?tm=f&t=s&s=11684
,Thraupidae,Diglossa duidae,fura-flor-escamoso,0,2,/wiki/fura-flor-escamoso,,midias.php?tm=f&t=s&s=11627
11628,Thraupidae,Diglossa major,fura-flor-grande,4,107,/wiki/fura-flor-grande,midias.php?tm=s&t=s&s=11628,midias.php?tm=f&t=s&s=11628
11588,Thraupidae,Pipraeidea melanonota,saíra-viúva,350,8200,/wiki/saira-viuva,midias.php?tm=s&t=s&s=11588,midias.php?tm=f&t=s&s=11588
11585,Thraupidae,Rauenia bonariensis,sanhaço-papa-laranja,83,9639,/wiki/sanhaco-papa-laranja,midias.php?tm=s&t=s&s=11585,midias.php?tm=f&t=s&s=11585
11547,Thraupidae,Neothraupis fasciata,cigarra-do-campo,109,2723,/wiki/cigarra-do-campo,midias.php?tm=s&t=s&s=11547,midias.php?tm=f&t=s&s=11547
11697,Thraupidae,Gubernatrix cristata,cardeal-amarelo,39,918,/wiki/cardeal-amarelo,midias.php?tm=s&t=s&s=11697,midias.php?tm=f&t=s&s=11697
11634,Thraupidae,Diuca diuca,diuca,4,216,/wiki/diuca,midias.php?tm=s&t=s&s=11634,midias.php?tm=f&t=s&s=11634
11587,Thraupidae,Stephanophorus diadematus,sanhaço-frade,309,7591,/wiki/sanhaco-frade,midias.php?tm=s&t=s&s=11587,midias.php?tm=f&t=s&s=11587
11546,Thraupidae,Cissopis leverianus,tietinga,240,6206,/wiki/tietinga,midias.php?tm=s&t=s&s=11546,midias.php?tm=f&t=s&s=11546
11544,Thraupidae,Schistochlamys melanopis,sanhaço-de-coleira,117,4140,/wiki/sanhaco-de-coleira,midias.php?tm=s&t=s&s=11544,midias.php?tm=f&t=s&s=11544
11545,Thraupidae,Schistochlamys ruficapillus,bico-de-veludo,243,7631,/wiki/bico-de-veludo,midias.php?tm=s&t=s&s=11545,midias.php?tm=f&t=s&s=11545
11698,Thraupidae,Paroaria coronata,cardeal,228,10406,/wiki/cardeal,midias.php?tm=s&t=s&s=11698,midias.php?tm=f&t=s&s=11698
11699,Thraupidae,Paroaria dominicana,cardeal-do-nordeste,293,14323,/wiki/cardeal-do-nordeste,midias.php?tm=s&t=s&s=11699,midias.php?tm=f&t=s&s=11699
11701,Thraupidae,Paroaria baeri,cardeal-do-araguaia,16,498,/wiki/cardeal-do-araguaia,midias.php?tm=s&t=s&s=11701,midias.php?tm=f&t=s&s=11701
11961,Thraupidae,Paroaria xinguensis,cardeal-do-xingu,1,29,/wiki/cardeal-do-xingu,midias.php?tm=s&t=s&s=11961,midias.php?tm=f&t=s&s=11961
11700,Thraupidae,Paroaria gularis,cardeal-da-amazônia,37,2599,/wiki/cardeal-da-amazonia,midias.php?tm=s&t=s&s=11700,midias.php?tm=f&t=s&s=11700
11856,Thraupidae,Paroaria cervicalis,cardeal-da-bolívia,14,237,/wiki/cardeal-da-bolivia,midias.php?tm=s&t=s&s=11856,midias.php?tm=f&t=s&s=11856
11702,Thraupidae,Paroaria capitata,cavalaria,51,4402,/wiki/cavalaria,midias.php?tm=s&t=s&s=11702,midias.php?tm=f&t=s&s=11702
11601,Thraupidae,Ixothraupis varia,saíra-carijó,25,197,/wiki/saira-carijo,midias.php?tm=s&t=s&s=11601,midias.php?tm=f&t=s&s=11601
11599,Thraupidae,Ixothraupis punctata,saíra-negaça,30,1044,/wiki/saira-negaca,midias.php?tm=s&t=s&s=11599,midias.php?tm=f&t=s&s=11599
11600,Thraupidae,Ixothraupis guttata,saíra-pintada,3,73,/wiki/saira-pintada,midias.php?tm=s&t=s&s=11600,midias.php?tm=f&t=s&s=11600
11598,Thraupidae,Ixothraupis xanthogastra,saíra-de-barriga-amarela,1,102,/wiki/saira-de-barriga-amarela,midias.php?tm=s&t=s&s=11598,midias.php?tm=f&t=s&s=11598
11580,Thraupidae,Thraupis episcopus,sanhaço-da-amazônia,126,4011,/wiki/sanhaco-da-amazonia,midias.php?tm=s&t=s&s=11580,midias.php?tm=f&t=s&s=11580
11581,Thraupidae,Thraupis sayaca,sanhaço-cinzento,967,34673,/wiki/sanhaco-cinzento,midias.php?tm=s&t=s&s=11581,midias.php?tm=f&t=s&s=11581
11582,Thraupidae,Thraupis cyanoptera,sanhaço-de-encontro-azul,144,6360,/wiki/sanhaco-de-encontro-azul,midias.php?tm=s&t=s&s=11582,midias.php?tm=f&t=s&s=11582
11584,Thraupidae,Thraupis palmarum,sanhaço-do-coqueiro,662,21724,/wiki/sanhaco-do-coqueiro,midias.php?tm=s&t=s&s=11584,midias.php?tm=f&t=s&s=11584
11583,Thraupidae,Thraupis ornata,sanhaço-de-encontro-amarelo,198,10881,/wiki/sanhaco-de-encontro-amarelo,midias.php?tm=s&t=s&s=11583,midias.php?tm=f&t=s&s=11583
11608,Thraupidae,Stilpnia cyanoptera,saíra-de-cabeça-preta,3,94,/wiki/saira-de-cabeca-preta,midias.php?tm=s&t=s&s=11608,midias.php?tm=f&t=s&s=11608
11607,Thraupidae,Stilpnia nigrocincta,saíra-mascarada,33,776,/wiki/saira-mascarada,midias.php?tm=s&t=s&s=11607,midias.php?tm=f&t=s&s=11607
11606,Thraupidae,Stilpnia cyanicollis,saíra-de-cabeça-azul,27,1180,/wiki/saira-de-cabeca-azul,midias.php?tm=s&t=s&s=11606,midias.php?tm=f&t=s&s=11606
11604,Thraupidae,Stilpnia peruviana,saíra-sapucaia,102,4020,/wiki/saira-sapucaia,midias.php?tm=s&t=s&s=11604,midias.php?tm=f&t=s&s=11604
11605,Thraupidae,Stilpnia preciosa,saíra-preciosa,166,7386,/wiki/saira-preciosa,midias.php?tm=s&t=s&s=11605,midias.php?tm=f&t=s&s=11605
11603,Thraupidae,Stilpnia cayana,saíra-amarela,442,24724,/wiki/saira-amarela,midias.php?tm=s&t=s&s=11603,midias.php?tm=f&t=s&s=11603
11602,Thraupidae,Tangara gyrola,saíra-de-cabeça-castanha,27,455,/wiki/saira-de-cabeca-castanha,midias.php?tm=s&t=s&s=11602,midias.php?tm=f&t=s&s=11602
11597,Thraupidae,Tangara schrankii,saíra-ouro,10,212,/wiki/saira-ouro,midias.php?tm=s&t=s&s=11597,midias.php?tm=f&t=s&s=11597
11592,Thraupidae,Tangara fastuosa,saíra-pintor,31,1426,/wiki/saira-pintor,midias.php?tm=s&t=s&s=11592,midias.php?tm=f&t=s&s=11592
11593,Thraupidae,Tangara seledon,saíra-sete-cores,253,17807,/wiki/saira-sete-cores,midias.php?tm=s&t=s&s=11593,midias.php?tm=f&t=s&s=11593
11594,Thraupidae,Tangara cyanocephala,saíra-militar,169,10729,/wiki/saira-militar,midias.php?tm=s&t=s&s=11594,midias.php?tm=f&t=s&s=11594
11596,Thraupidae,Tangara cyanoventris,saíra-douradinha,211,6725,/wiki/saira-douradinha,midias.php?tm=s&t=s&s=11596,midias.php?tm=f&t=s&s=11596
11595,Thraupidae,Tangara desmaresti,saíra-lagarta,209,7882,/wiki/saira-lagarta,midias.php?tm=s&t=s&s=11595,midias.php?tm=f&t=s&s=11595
11589,Thraupidae,Tangara mexicana,saíra-de-bando,57,2367,/wiki/saira-de-bando,midias.php?tm=s&t=s&s=11589,midias.php?tm=f&t=s&s=11589
11590,Thraupidae,Tangara brasiliensis,cambada-de-chaves,59,1721,/wiki/cambada-de-chaves,midias.php?tm=s&t=s&s=11590,midias.php?tm=f&t=s&s=11590
11591,Thraupidae,Tangara chilensis,sete-cores-da-amazônia,78,1437,/wiki/sete-cores-da-amazonia,midias.php?tm=s&t=s&s=11591,midias.php?tm=f&t=s&s=11591
11610,Thraupidae,Tangara callophrys,saíra-opala,9,160,/wiki/saira-opala,midias.php?tm=s&t=s&s=11610,midias.php?tm=f&t=s&s=11610
11609,Thraupidae,Tangara velia,saíra-diamante,45,965,/wiki/saira-diamante,midias.php?tm=s&t=s&s=11609,midias.php?tm=f&t=s&s=11609
11827,Thraupidae,Tangara cyanomelas,saíra-pérola,43,1041,/wiki/saira-perola,midias.php?tm=s&t=s&s=11827,midias.php?tm=f&t=s&s=11827
